ID,Perfil,Nome,Posição,Idade,Valor de Mercado,Nacionalidade,URL Clube Antigo,Clube Antigo,URL Liga Antiga,Liga Antiga,URL Clube Novo,Clube Novo,URL Liga Nova,Liga Nova,Valor Transferência,Ano da Tranferência
177547,/matheus/profil/spieler/177547,Matheus,Goalkeeper,22,0.0,Brazil,/america-futebol-clube-mg-/startseite/verein/2863/saison_id/2014,América-MG,/campeonato-brasileiro-serie-b/transfers/wettbewerb/BRA2/saison_id/2014,Série B,/sc-braga/startseite/verein/1075/saison_id/2014,SC Braga,/liga-nos/transfers/wettbewerb/PO1/saison_id/2014,Liga NOS,2400000.0,2014
75071,/aranha/profil/spieler/75071,Aranha,Goalkeeper,34,2000000.0,Brazil,/fc-santos/startseite/verein/221/saison_id/2014,Santos,/campeonato-brasileiro-serie-a/transfers/wettbewerb/BRA1/saison_id/2014,Série A,/se-palmeiras-sao-paulo/startseite/verein/1023/saison_id/2014,Palmeiras,/campeonato-brasileiro-serie-a/transfers/wettbewerb/BRA1/saison_id/2014,Série A,0.0,2014
22412,/julio-cesar/profil/spieler/22412,Júlio César,Goalkeeper,34,1500000.0,Brazil,/queens-park-rangers/startseite/verein/1039/saison_id/2014,QPR,/premier-league/transfers/wettbewerb/GB1/saison_id/2014,Premier League,/benfica-lissabon/startseite/verein/294/saison_id/2014,Benfica,/liga-nos/transfers/wettbewerb/PO1/saison_id/2014,Liga NOS,0.0,2014
19059,/heurelho-gomes/profil/spieler/19059,Heurelho Gomes,Goalkeeper,33,1000000.0,Brazil,/tottenham-hotspur/startseite/verein/148/saison_id/2014,Tottenham,/premier-league/transfers/wettbewerb/GB1/saison_id/2014,Premier League,/fc-watford/startseite/verein/1010/saison_id/2014,Watford,/championship/transfers/wettbewerb/GB2/saison_id/2014,Championship,0.0,2014
68727,/vanderlei/profil/spieler/68727,Vanderlei,Goalkeeper,30,900000.0,Brazil,/coritiba-fc/startseite/verein/776/saison_id/2014,Coritiba FC,/campeonato-brasileiro-serie-a/transfers/wettbewerb/BRA1/saison_id/2014,Série A,/fc-santos/startseite/verein/221/saison_id/2014,Santos,/campeonato-brasileiro-serie-a/transfers/wettbewerb/BRA1/saison_id/2014,Série A,0.0,2014
227671,/tiago-volpi/profil/spieler/227671,Tiago Volpi,Goalkeeper,24,500000.0,Brazil,/figueirense-fc/startseite/verein/4064/saison_id/2014,Figueirense FC,/campeonato-brasileiro-serie-a/transfers/wettbewerb/BRA1/saison_id/2014,Série A,/queretaro-fc/startseite/verein/4961/saison_id/2014,Querétaro FC,/liga-mx-apertura/transfers/wettbewerb/MEXA/saison_id/2014,Liga MX Apertura,800000.0,2014
103747,/marcelo-valverde/profil/spieler/103747,Marcelo Valverde,Goalkeeper,25,800000.0,Brazil,/cf-uniao-madeira/startseite/verein/976/saison_id/2014,União Madeira,/liga-portugal-2/transfers/wettbewerb/PO2/saison_id/2014,Liga Portugal 2,/anapolis-futebol-clube-go-/startseite/verein/17568/saison_id/2014,Anápolis,,Brazil,0.0,2014
53371,/fernando-henrique/profil/spieler/53371,Fernando Henrique,Goalkeeper,31,750000.0,Brazil,/internacional-de-lages/startseite/verein/46403/saison_id/2014,Inter de Lages,,Brazil,/clube-do-remo-pa-/startseite/verein/10997/saison_id/2014,Remo,,Brazil,0.0,2014
53371,/fernando-henrique/profil/spieler/53371,Fernando Henrique,Goalkeeper,31,750000.0,Brazil,/america-futebol-clube-rn-/startseite/verein/1751/saison_id/2014,América-RN,,Brazil,/internacional-de-lages/startseite/verein/46403/saison_id/2014,Inter de Lages,,Brazil,0.0,2014
54323,/wilson/profil/spieler/54323,Wilson,Goalkeeper,31,600000.0,Brazil,/esporte-clube-vitoria/startseite/verein/2125/saison_id/2014,EC Vitória,/campeonato-brasileiro-serie-b/transfers/wettbewerb/BRA2/saison_id/2014,Série B,/coritiba-fc/startseite/verein/776/saison_id/2014,Coritiba FC,/campeonato-brasileiro-serie-a/transfers/wettbewerb/BRA1/saison_id/2014,Série A,0.0,2014
28502,/julio-cesar/profil/spieler/28502,Júlio César,Goalkeeper,30,500000.0,Brazil,/corinthians-sao-paulo/startseite/verein/199/saison_id/2014,Corinthians,/campeonato-brasileiro-serie-a/transfers/wettbewerb/BRA1/saison_id/2014,Série A,/clube-nautico-capibaribe/startseite/verein/2646/saison_id/2014,Náutico,/campeonato-brasileiro-serie-b/transfers/wettbewerb/BRA2/saison_id/2014,Série B,0.0,2014
99439,/danilo-fernandes/profil/spieler/99439,Danilo Fernandes,Goalkeeper,26,500000.0,Brazil,/corinthians-sao-paulo/startseite/verein/199/saison_id/2014,Corinthians,/campeonato-brasileiro-serie-a/transfers/wettbewerb/BRA1/saison_id/2014,Série A,/sport-club-do-recife/startseite/verein/8718/saison_id/2014,Sport Recife,/campeonato-brasileiro-serie-a/transfers/wettbewerb/BRA1/saison_id/2014,Série A,0.0,2014
178942,/bruno-brigido/profil/spieler/178942,Bruno Brígido,Goalkeeper,23,500000.0,Brazil,/criciuma-esporte-clube/startseite/verein/7178/saison_id/2014,Criciúma EC,/campeonato-brasileiro-serie-b/transfers/wettbewerb/BRA2/saison_id/2014,Série B,/coritiba-fc/startseite/verein/776/saison_id/2014,Coritiba FC,/campeonato-brasileiro-serie-a/transfers/wettbewerb/BRA1/saison_id/2014,Série A,0.0,2014
45023,/christian-leite/profil/spieler/45023,Christian Leite,Goalkeeper,28,300000.0,Brazil,/fc-winterthur/startseite/verein/242/saison_id/2014,FC Winterthur,/challenge-league/transfers/wettbewerb/C2/saison_id/2014,Challenge League,/fc-thun/startseite/verein/938/saison_id/2014,FC Thun,/super-league/transfers/wettbewerb/C1/saison_id/2014,Super League,0.0,2014
54146,/lauro/profil/spieler/54146,Lauro,Goalkeeper,34,300000.0,Brazil,/chapecoense/startseite/verein/17776/saison_id/2014,Chapecoense,/campeonato-brasileiro-serie-a/transfers/wettbewerb/BRA1/saison_id/2014,Série A,/red-bull-bragantino/startseite/verein/8793/saison_id/2014,Bragantino,/campeonato-brasileiro-serie-b/transfers/wettbewerb/BRA2/saison_id/2014,Série B,0.0,2014
122844,/victor-golas/profil/spieler/122844,Victor Golas,Goalkeeper,23,300000.0,Brazil,/sporting-lissabon-b/startseite/verein/10949/saison_id/2014,Sporting B,/liga-portugal-2/transfers/wettbewerb/PO2/saison_id/2014,Liga Portugal 2,/sc-braga/startseite/verein/1075/saison_id/2014,SC Braga,/liga-nos/transfers/wettbewerb/PO1/saison_id/2014,Liga NOS,0.0,2014
76429,/rafael/profil/spieler/76429,Rafael,Goalkeeper,30,100000.0,Brazil,/gremio-esportivo-anapolis-go-/startseite/verein/25243/saison_id/2014,Anápolis,,Brazil,/esteghlal-fc/startseite/verein/1076/saison_id/2014,Esteghlal FC,/persian-gulf-pro-league/transfers/wettbewerb/IRN1/saison_id/2014,Persian Gulf Pro League,138000.0,2014
111819,/neto/profil/spieler/111819,Neto,Goalkeeper,25,9000000.0,Brazil,/ac-florenz/startseite/verein/430/saison_id/2015,Fiorentina,/serie-a/transfers/wettbewerb/IT1/saison_id/2015,Serie A,/juventus-turin/startseite/verein/506/saison_id/2015,Juventus,/serie-a/transfers/wettbewerb/IT1/saison_id/2015,Serie A,0.0,2015
99439,/danilo-fernandes/profil/spieler/99439,Danilo Fernandes,Goalkeeper,28,2500000.0,Brazil,/sport-club-do-recife/startseite/verein/8718/saison_id/2015,Sport Recife,/campeonato-brasileiro-serie-a/transfers/wettbewerb/BRA1/saison_id/2015,Série A,/sc-internacional-porto-alegre/startseite/verein/6600/saison_id/2015,Internacional,/campeonato-brasileiro-serie-a/transfers/wettbewerb/BRA1/saison_id/2015,Série A,1000000.0,2015
277743,/alex-muralha/profil/spieler/277743,Alex Muralha,Goalkeeper,26,2500000.0,Brazil,/figueirense-fc/startseite/verein/4064/saison_id/2015,Figueirense FC,/campeonato-brasileiro-serie-a/transfers/wettbewerb/BRA1/saison_id/2015,Série A,/flamengo-rio-de-janeiro/startseite/verein/614/saison_id/2015,Flamengo,/campeonato-brasileiro-serie-a/transfers/wettbewerb/BRA1/saison_id/2015,Série A,941000.0,2015
74584,/agenor/profil/spieler/74584,Agenor,Goalkeeper,26,1250000.0,Brazil,/joinville-ec-sc-/startseite/verein/3330/saison_id/2015,Joinville-SC,/campeonato-brasileiro-serie-b/transfers/wettbewerb/BRA2/saison_id/2015,Série B,/sport-club-do-recife/startseite/verein/8718/saison_id/2015,Sport Recife,/campeonato-brasileiro-serie-a/transfers/wettbewerb/BRA1/saison_id/2015,Série A,250000.0,2015
238223,/ederson/profil/spieler/238223,Ederson,Goalkeeper,21,1200000.0,Brazil,/rio-ave-fc/startseite/verein/2425/saison_id/2015,Rio Ave,/liga-nos/transfers/wettbewerb/PO1/saison_id/2015,Liga NOS,/benfica-lissabon/startseite/verein/294/saison_id/2015,Benfica,/liga-nos/transfers/wettbewerb/PO1/saison_id/2015,Liga NOS,500000.0,2015
27346,/marcelo-boeck/profil/spieler/27346,Marcelo Boeck,Goalkeeper,31,1200000.0,Brazil,/sporting-lissabon/startseite/verein/336/saison_id/2015,Sporting CP,/liga-nos/transfers/wettbewerb/PO1/saison_id/2015,Liga NOS,/chapecoense/startseite/verein/17776/saison_id/2015,Chapecoense,/campeonato-brasileiro-serie-a/transfers/wettbewerb/BRA1/saison_id/2015,Série A,0.0,2015
52880,/felipe/profil/spieler/52880,Felipe,Goalkeeper,31,1000000.0,Brazil,/figueirense-fc/startseite/verein/4064/saison_id/2015,Figueirense FC,/campeonato-brasileiro-serie-a/transfers/wettbewerb/BRA1/saison_id/2015,Série A,/red-bull-bragantino/startseite/verein/8793/saison_id/2015,Bragantino,/campeonato-brasileiro-serie-b/transfers/wettbewerb/BRA2/saison_id/2015,Série B,0.0,2015
103747,/marcelo-valverde/profil/spieler/103747,Marcelo Valverde,Goalkeeper,25,800000.0,Brazil,/anapolis-futebol-clube-go-/startseite/verein/17568/saison_id/2015,Anápolis,,Brazil,/sociedade-esportiva-do-gama-df-/startseite/verein/7014/saison_id/2015,SE Gama,,Brazil,0.0,2015
68102,/renan/profil/spieler/68102,Renan,Goalkeeper,26,750000.0,Brazil,/botafogo-rio-de-janeiro/startseite/verein/537/saison_id/2015,Botafogo,/campeonato-brasileiro-serie-a/transfers/wettbewerb/BRA1/saison_id/2015,Série A,/avai-fc-sc-/startseite/verein/2035/saison_id/2015,Avaí FC,/campeonato-brasileiro-serie-b/transfers/wettbewerb/BRA2/saison_id/2015,Série B,0.0,2015
20394,/artur-moraes/profil/spieler/20394,Artur Moraes,Goalkeeper,34,700000.0,Brazil,/benfica-lissabon/startseite/verein/294/saison_id/2015,Benfica,/liga-nos/transfers/wettbewerb/PO1/saison_id/2015,Liga NOS,/ankaraspor/startseite/verein/2944/saison_id/2015,Osmanlispor FK,/super-lig/transfers/wettbewerb/TR1/saison_id/2015,Süper Lig,0.0,2015
44177,/rafael-bracali/profil/spieler/44177,Rafael Bracali,Goalkeeper,34,700000.0,Brazil,/panetolikos-gfs/startseite/verein/6418/saison_id/2015,Panetolikos,/super-league-1/transfers/wettbewerb/GR1/saison_id/2015,Super League 1,/fc-arouca/startseite/verein/8024/saison_id/2015,Arouca,/liga-nos/transfers/wettbewerb/PO1/saison_id/2015,Liga NOS,0.0,2015
103370,/adriano-facchini/profil/spieler/103370,Adriano Facchini,Goalkeeper,32,500000.0,Brazil,/gil-vicente-fc/startseite/verein/2424/saison_id/2015,Gil Vicente,/liga-portugal-2/transfers/wettbewerb/PO2/saison_id/2015,Ledman LigaPro,/kardemir-karabukspor/startseite/verein/1506/saison_id/2015,Karabükspor,/1-lig/transfers/wettbewerb/TR2/saison_id/2015,1.Lig,0.0,2015
140604,/klever/profil/spieler/140604,Kléver,Goalkeeper,26,500000.0,Brazil,/fluminense-rio-de-janeiro/startseite/verein/2462/saison_id/2015,Fluminense,/campeonato-brasileiro-serie-a/transfers/wettbewerb/BRA1/saison_id/2015,Série A,/atletico-clube-goianiense/startseite/verein/15172/saison_id/2015,Atlético-GO,/campeonato-brasileiro-serie-b/transfers/wettbewerb/BRA2/saison_id/2015,Série B,0.0,2015
269686,/oliveira/profil/spieler/269686,Oliveira,Goalkeeper,34,500000.0,Brazil,/clube-atletico-linense-sp-/startseite/verein/20132/saison_id/2015,Linense,/campeonato-paulista-serie-a1-grunddurchgang/transfers/wettbewerb/BCP1/saison_id/2015,Paulistão A1 - Primeira Fase,/joinville-ec-sc-/startseite/verein/3330/saison_id/2015,Joinville-SC,/campeonato-brasileiro-serie-b/transfers/wettbewerb/BRA2/saison_id/2015,Série B,0.0,2015
269686,/oliveira/profil/spieler/269686,Oliveira,Goalkeeper,34,500000.0,Brazil,/joinville-ec-sc-/startseite/verein/3330/saison_id/2015,Joinville-SC,/campeonato-brasileiro-serie-b/transfers/wettbewerb/BRA2/saison_id/2015,Série B,/clube-atletico-linense-sp-/startseite/verein/20132/saison_id/2015,Linense,/campeonato-paulista-serie-a1-grunddurchgang/transfers/wettbewerb/BCP1/saison_id/2015,Paulistão A1 - Primeira Fase,0.0,2015
54338,/luis-carlos/profil/spieler/54338,Luís Carlos,Goalkeeper,28,300000.0,Brazil,/ceara-sporting-club/startseite/verein/2029/saison_id/2015,Ceará SC,/campeonato-brasileiro-serie-b/transfers/wettbewerb/BRA2/saison_id/2015,Série B,/portuguesa-sao-paulo/startseite/verein/10247/saison_id/2015,Portuguesa,,Brazil,0.0,2015
122844,/victor-golas/profil/spieler/122844,Victor Golas,Goalkeeper,24,300000.0,Brazil,/sc-braga/startseite/verein/1075/saison_id/2015,SC Braga,/liga-nos/transfers/wettbewerb/PO1/saison_id/2015,Liga NOS,/botev-plovdiv/startseite/verein/2531/saison_id/2015,Botev Plovdiv,/efbet-liga/transfers/wettbewerb/BU1/saison_id/2015,A Group,0.0,2015
175247,/gideao/profil/spieler/175247,Gideão,Goalkeeper,27,300000.0,Brazil,/clube-nautico-capibaribe/startseite/verein/2646/saison_id/2015,Náutico,/campeonato-brasileiro-serie-b/transfers/wettbewerb/BRA2/saison_id/2015,Série B,/boavista-porto-fc/startseite/verein/2503/saison_id/2015,Boavista,/liga-nos/transfers/wettbewerb/PO1/saison_id/2015,Liga NOS,0.0,2015
212215,/ivan/profil/spieler/212215,Ivan,Goalkeeper,31,300000.0,Brazil,/paysandu-sport-club-pa-/startseite/verein/6347/saison_id/2015,Paysandu,/campeonato-brasileiro-serie-b/transfers/wettbewerb/BRA2/saison_id/2015,Série B,/goias-ec/startseite/verein/3197/saison_id/2015,Goiás,/campeonato-brasileiro-serie-b/transfers/wettbewerb/BRA2/saison_id/2015,Série B,0.0,2015
377799,/airton/profil/spieler/377799,Airton,Goalkeeper,21,0.0,Brazil,/esporte-clube-juventude/startseite/verein/10492/saison_id/2015,Juventude,/campeonato-gaucho/transfers/wettbewerb/BRRS/saison_id/2015,Campeonato Gaúcho,/red-bull-salzburg/startseite/verein/409/saison_id/2015,RB Salzburg,/bundesliga/transfers/wettbewerb/A1/saison_id/2015,Bundesliga,286000.0,2015
33735,/pecanha/profil/spieler/33735,Peçanha,Goalkeeper,35,250000.0,Brazil,/petrolul-ploiesti/startseite/verein/9465/saison_id/2015,Petrolul,/liga-1/transfers/wettbewerb/RO1/saison_id/2015,Liga 1,/fc-viitorul-constanta/startseite/verein/29831/saison_id/2015,FC Viitorul,/liga-1/transfers/wettbewerb/RO1/saison_id/2015,Liga 1,10000.0,2015
105470,/alisson/profil/spieler/105470,Alisson,Goalkeeper,23,7000000.0,Brazil,/sc-internacional-porto-alegre/startseite/verein/6600/saison_id/2016,Internacional,/campeonato-brasileiro-serie-a/transfers/wettbewerb/BRA1/saison_id/2016,Série A,/as-rom/startseite/verein/12/saison_id/2016,AS Roma,/serie-a/transfers/wettbewerb/IT1/saison_id/2016,Serie A,8000000.0,2016
53015,/marcelo-lomba/profil/spieler/53015,Marcelo Lomba,Goalkeeper,29,3250000.0,Brazil,/esporte-clube-bahia/startseite/verein/10010/saison_id/2016,EC Bahia,/campeonato-brasileiro-serie-b/transfers/wettbewerb/BRA2/saison_id/2016,Série B,/sc-internacional-porto-alegre/startseite/verein/6600/saison_id/2016,Internacional,/campeonato-brasileiro-serie-a/transfers/wettbewerb/BRA1/saison_id/2016,Série A,550000.0,2016
91953,/sidao/profil/spieler/91953,Sidão,Goalkeeper,34,1000000.0,Brazil,/gremio-osasco-audax-sp-/startseite/verein/16083/saison_id/2016,GO Audax,/campeonato-paulista-serie-a1-grunddurchgang/transfers/wettbewerb/BCP1/saison_id/2016,Paulistão A1 - Primeira Fase,/fc-sao-paulo/startseite/verein/585/saison_id/2016,São Paulo,/campeonato-brasileiro-serie-a/transfers/wettbewerb/BRA1/saison_id/2016,Série A,140000.0,2016
68102,/renan/profil/spieler/68102,Renan,Goalkeeper,27,1000000.0,Brazil,/avai-fc-sc-/startseite/verein/2035/saison_id/2016,Avaí FC,/campeonato-brasileiro-serie-a/transfers/wettbewerb/BRA1/saison_id/2016,Série A,/pfk-ludogorets-razgrad/startseite/verein/31614/saison_id/2016,Ludogorets,/efbet-liga/transfers/wettbewerb/BU1/saison_id/2016,efbet Liga,0.0,2016
101552,/fernando-de-jesus/profil/spieler/101552,Fernando de Jesus,Goalkeeper,31,1000000.0,Brazil,/esteghlal-khuzestan/startseite/verein/40472/saison_id/2016,Esteghlal Khz.,/persian-gulf-pro-league/transfers/wettbewerb/IRN1/saison_id/2016,Persian Gulf Pro League,/gostaresh-foolad-fc/startseite/verein/31273/saison_id/2016,Gostaresh FC,/persian-gulf-pro-league/transfers/wettbewerb/IRN1/saison_id/2016,Persian Gulf Pro League,0.0,2016
45372,/gottardi/profil/spieler/45372,Gottardi,Goalkeeper,31,900000.0,Brazil,/cd-nacional/startseite/verein/982/saison_id/2016,Nacional,/liga-nos/transfers/wettbewerb/PO1/saison_id/2016,Liga NOS,/cs-maritimo/startseite/verein/1301/saison_id/2016,Marítimo,/liga-nos/transfers/wettbewerb/PO1/saison_id/2016,Liga NOS,0.0,2016
103747,/marcelo-valverde/profil/spieler/103747,Marcelo Valverde,Goalkeeper,26,800000.0,Brazil,/sociedade-esportiva-do-gama-df-/startseite/verein/7014/saison_id/2016,SE Gama,,Brazil,/castanhal-esporte-clube-pa-/startseite/verein/20799/saison_id/2016,Castanhal,,Brazil,0.0,2016
27346,/marcelo-boeck/profil/spieler/27346,Marcelo Boeck,Goalkeeper,32,750000.0,Brazil,/chapecoense/startseite/verein/17776/saison_id/2016,Chapecoense,/campeonato-brasileiro-serie-a/transfers/wettbewerb/BRA1/saison_id/2016,Série A,/fortaleza-esporte-clube/startseite/verein/10870/saison_id/2016,Fortaleza,/copa-do-nordeste-fase-de-grupos/transfers/wettbewerb/BRNE/saison_id/2016,Copa do Nordeste - Fase de Grupos,0.0,2016
53371,/fernando-henrique/profil/spieler/53371,Fernando Henrique,Goalkeeper,33,750000.0,Brazil,/villa-nova-atletico-clube-mg-/startseite/verein/5215/saison_id/2016,Villa Nova,,Brazil,/ceara-sporting-club/startseite/verein/2029/saison_id/2016,Ceará SC,/campeonato-brasileiro-serie-b/transfers/wettbewerb/BRA2/saison_id/2016,Série B,0.0,2016
53371,/fernando-henrique/profil/spieler/53371,Fernando Henrique,Goalkeeper,33,750000.0,Brazil,/clube-do-remo-pa-/startseite/verein/10997/saison_id/2016,Remo,,Brazil,/villa-nova-atletico-clube-mg-/startseite/verein/5215/saison_id/2016,Villa Nova,,Brazil,0.0,2016
84467,/rafael/profil/spieler/84467,Rafael,Goalkeeper,34,600000.0,Brazil,/hellas-verona/startseite/verein/276/saison_id/2016,Hellas Verona,/serie-b/transfers/wettbewerb/IT2/saison_id/2016,Serie B,/cagliari-calcio/startseite/verein/1390/saison_id/2016,Cagliari Calcio,/serie-a/transfers/wettbewerb/IT1/saison_id/2016,Serie A,150000.0,2016
101466,/marcio/profil/spieler/101466,Márcio,Goalkeeper,35,550000.0,Brazil,/atletico-clube-goianiense/startseite/verein/15172/saison_id/2016,Atlético-GO,/campeonato-brasileiro-serie-b/transfers/wettbewerb/BRA2/saison_id/2016,Série B,/goias-ec/startseite/verein/3197/saison_id/2016,Goiás,/campeonato-brasileiro-serie-b/transfers/wettbewerb/BRA2/saison_id/2016,Série B,0.0,2016
75071,/aranha/profil/spieler/75071,Aranha,Goalkeeper,35,450000.0,Brazil,/joinville-ec-sc-/startseite/verein/3330/saison_id/2016,Joinville-SC,/campeonato-brasileiro-serie-b/transfers/wettbewerb/BRA2/saison_id/2016,Série B,/aa-ponte-preta/startseite/verein/1134/saison_id/2016,Ponte Preta,/campeonato-brasileiro-serie-a/transfers/wettbewerb/BRA1/saison_id/2016,Série A,55000.0,2016
122844,/victor-golas/profil/spieler/122844,Victor Golas,Goalkeeper,26,450000.0,Brazil,/clube-atletico-linense-sp-/startseite/verein/20132/saison_id/2016,Linense,/campeonato-paulista-serie-a1-grunddurchgang/transfers/wettbewerb/BCP1/saison_id/2016,Paulistão A1 - Primeira Fase,/londrina-esporte-clube-pr-/startseite/verein/1693/saison_id/2016,Londrina-PR,/campeonato-brasileiro-serie-b/transfers/wettbewerb/BRA2/saison_id/2016,Série B,0.0,2016
11858,/ricardo-berna/profil/spieler/11858,Ricardo Berna,Goalkeeper,37,400000.0,Brazil,/fortaleza-esporte-clube/startseite/verein/10870/saison_id/2016,Fortaleza,/copa-do-nordeste-fase-de-grupos/transfers/wettbewerb/BRNE/saison_id/2016,Copa do Nordeste - Fase de Grupos,/portuguesa-sao-paulo/startseite/verein/10247/saison_id/2016,Portuguesa,,Brazil,0.0,2016
91296,/assis/profil/spieler/91296,Assis,Goalkeeper,26,400000.0,Brazil,/vitoria-guimaraes-sc/startseite/verein/2420/saison_id/2016,Vit. Guimarães,/liga-nos/transfers/wettbewerb/PO1/saison_id/2016,Liga NOS,/leixoes-sc/startseite/verein/3345/saison_id/2016,Leixões,/liga-portugal-2/transfers/wettbewerb/PO2/saison_id/2016,Ledman LigaPro,0.0,2016
189682,/felipe-alves/profil/spieler/189682,Felipe Alves,Goalkeeper,28,400000.0,Brazil,/oeste-fc-sp-/startseite/verein/21829/saison_id/2016,Oeste,/campeonato-brasileiro-serie-b/transfers/wettbewerb/BRA2/saison_id/2016,Série B,/gremio-osasco-audax-sp-/startseite/verein/16083/saison_id/2016,GO Audax,/campeonato-paulista-serie-a1-grunddurchgang/transfers/wettbewerb/BCP1/saison_id/2016,Paulistão A1 - Primeira Fase,0.0,2016
412610,/marcelo-rangel/profil/spieler/412610,Marcelo Rangel,Goalkeeper,28,400000.0,Brazil,/londrina-esporte-clube-pr-/startseite/verein/1693/saison_id/2016,Londrina-PR,/campeonato-brasileiro-serie-b/transfers/wettbewerb/BRA2/saison_id/2016,Série B,/goias-ec/startseite/verein/3197/saison_id/2016,Goiás,/campeonato-brasileiro-serie-b/transfers/wettbewerb/BRA2/saison_id/2016,Série B,0.0,2016
53036,/edson/profil/spieler/53036,Édson,Goalkeeper,30,350000.0,Brazil,/vila-nova-futebol-clube-go-/startseite/verein/5677/saison_id/2016,Vila Nova FC,/campeonato-brasileiro-serie-b/transfers/wettbewerb/BRA2/saison_id/2016,Série B,/abc-futebol-clube-rn-/startseite/verein/7209/saison_id/2016,ABC FC,,Brazil,0.0,2016
54338,/luis-carlos/profil/spieler/54338,Luís Carlos,Goalkeeper,28,300000.0,Brazil,/portuguesa-sao-paulo/startseite/verein/10247/saison_id/2016,Portuguesa,,Brazil,/guarani-fc-sp-/startseite/verein/1755/saison_id/2016,Guarani,,Brazil,0.0,2016
54338,/luis-carlos/profil/spieler/54338,Luís Carlos,Goalkeeper,29,300000.0,Brazil,/guarani-fc-sp-/startseite/verein/1755/saison_id/2016,Guarani,/campeonato-brasileiro-serie-b/transfers/wettbewerb/BRA2/saison_id/2016,Série B,/figueirense-fc/startseite/verein/4064/saison_id/2016,Figueirense FC,/campeonato-brasileiro-serie-b/transfers/wettbewerb/BRA2/saison_id/2016,Série B,0.0,2016
84363,/milton-raphael/profil/spieler/84363,Milton Raphael,Goalkeeper,25,300000.0,Brazil,/botafogo-rio-de-janeiro/startseite/verein/537/saison_id/2016,Botafogo,/campeonato-brasileiro-serie-a/transfers/wettbewerb/BRA1/saison_id/2016,Série A,/macae-esporte-futebol-clube-rj-/startseite/verein/4906/saison_id/2016,Macaé,/campeonato-carioca-taca-guanabara/transfers/pokalwettbewerb/BRCG/saison_id/2016,Carioca - Taça Guanabara,0.0,2016
238223,/ederson/profil/spieler/238223,Ederson,Goalkeeper,23,22000000.0,Brazil,/benfica-lissabon/startseite/verein/294/saison_id/2017,Benfica,/liga-nos/transfers/wettbewerb/PO1/saison_id/2017,Liga NOS,/manchester-city/startseite/verein/281/saison_id/2017,Man City,/premier-league/transfers/wettbewerb/GB1/saison_id/2017,Premier League,40000000.0,2017
111819,/neto/profil/spieler/111819,Neto,Goalkeeper,27,6000000.0,Brazil,/juventus-turin/startseite/verein/506/saison_id/2017,Juventus,/serie-a/transfers/wettbewerb/IT1/saison_id/2017,Serie A,/fc-valencia/startseite/verein/1049/saison_id/2017,Valencia,/laliga/transfers/wettbewerb/ES1/saison_id/2017,LaLiga,7000000.0,2017
42373,/diego-alves/profil/spieler/42373,Diego Alves,Goalkeeper,32,5000000.0,Brazil,/fc-valencia/startseite/verein/1049/saison_id/2017,Valencia,/laliga/transfers/wettbewerb/ES1/saison_id/2017,LaLiga,/flamengo-rio-de-janeiro/startseite/verein/614/saison_id/2017,Flamengo,/campeonato-brasileiro-serie-a/transfers/wettbewerb/BRA1/saison_id/2017,Série A,300000.0,2017
69400,/weverton/profil/spieler/69400,Weverton,Goalkeeper,30,4000000.0,Brazil,/club-athletico-paranaense/startseite/verein/679/saison_id/2017,Atlético-PR,/campeonato-brasileiro-serie-a/transfers/wettbewerb/BRA1/saison_id/2017,Série A,/se-palmeiras-sao-paulo/startseite/verein/1023/saison_id/2017,Palmeiras,/campeonato-brasileiro-serie-a/transfers/wettbewerb/BRA1/saison_id/2017,Série A,500000.0,2017
371231,/jean/profil/spieler/371231,Jean,Goalkeeper,22,1750000.0,Brazil,/esporte-clube-bahia/startseite/verein/10010/saison_id/2017,EC Bahia,/campeonato-brasileiro-serie-a/transfers/wettbewerb/BRA1/saison_id/2017,Série A,/fc-sao-paulo/startseite/verein/585/saison_id/2017,São Paulo,/campeonato-brasileiro-serie-a/transfers/wettbewerb/BRA1/saison_id/2017,Série A,1500000.0,2017
374094,/douglas-friedrich/profil/spieler/374094,Douglas Friedrich,Goalkeeper,29,1750000.0,Brazil,/corinthians-sao-paulo/startseite/verein/199/saison_id/2017,Corinthians,/campeonato-brasileiro-serie-a/transfers/wettbewerb/BRA1/saison_id/2017,Série A,/esporte-clube-bahia/startseite/verein/10010/saison_id/2017,EC Bahia,/campeonato-brasileiro-serie-a/transfers/wettbewerb/BRA1/saison_id/2017,Série A,0.0,2017
291963,/fernando-miguel/profil/spieler/291963,Fernando Miguel,Goalkeeper,33,1250000.0,Brazil,/esporte-clube-vitoria/startseite/verein/2125/saison_id/2017,EC Vitória,/campeonato-brasileiro-serie-a/transfers/wettbewerb/BRA1/saison_id/2017,Série A,/vasco-da-gama-rio-de-janeiro/startseite/verein/978/saison_id/2017,Vasco da Gama,/campeonato-brasileiro-serie-a/transfers/wettbewerb/BRA1/saison_id/2017,Série A,0.0,2017
27364,/renan-soares/profil/spieler/27364,Renan Soares,Goalkeeper,32,1200000.0,Brazil,/goias-ec/startseite/verein/3197/saison_id/2017,Goiás,/campeonato-brasileiro-serie-b/transfers/wettbewerb/BRA2/saison_id/2017,Série B,/ceara-sporting-club/startseite/verein/2029/saison_id/2017,Ceará SC,/campeonato-brasileiro-serie-a/transfers/wettbewerb/BRA1/saison_id/2017,Série A,0.0,2017
67886,/paulo-victor/profil/spieler/67886,Paulo Victor,Goalkeeper,30,1200000.0,Brazil,/flamengo-rio-de-janeiro/startseite/verein/614/saison_id/2017,Flamengo,/campeonato-brasileiro-serie-a/transfers/wettbewerb/BRA1/saison_id/2017,Série A,/gremio-porto-alegre/startseite/verein/210/saison_id/2017,Grêmio,/campeonato-brasileiro-serie-a/transfers/wettbewerb/BRA1/saison_id/2017,Série A,0.0,2017
212198,/vana-alves/profil/spieler/212198,Vaná Alves,Goalkeeper,26,900000.0,Brazil,/cd-feirense/startseite/verein/3349/saison_id/2017,Feirense,/liga-nos/transfers/wettbewerb/PO1/saison_id/2017,Liga NOS,/fc-porto/startseite/verein/720/saison_id/2017,FC Porto,/liga-nos/transfers/wettbewerb/PO1/saison_id/2017,Liga NOS,1000000.0,2017
512344,/jandrei/profil/spieler/512344,Jandrei,Goalkeeper,24,800000.0,Brazil,/clube-atletico-tubarao-sc-/startseite/verein/23838/saison_id/2017,Tubarão-SC,,Brazil,/chapecoense/startseite/verein/17776/saison_id/2017,Chapecoense,/campeonato-brasileiro-serie-a/transfers/wettbewerb/BRA1/saison_id/2017,Série A,1000000.0,2017
75102,/denis/profil/spieler/75102,Denis,Goalkeeper,30,750000.0,Brazil,/fc-sao-paulo/startseite/verein/585/saison_id/2017,São Paulo,/campeonato-brasileiro-serie-a/transfers/wettbewerb/BRA1/saison_id/2017,Série A,/figueirense-fc/startseite/verein/4064/saison_id/2017,Figueirense FC,/campeonato-brasileiro-serie-b/transfers/wettbewerb/BRA2/saison_id/2017,Série B,0.0,2017
95142,/renan-ribeiro/profil/spieler/95142,Renan Ribeiro,Goalkeeper,27,750000.0,Brazil,/fc-sao-paulo/startseite/verein/585/saison_id/2017,São Paulo,/campeonato-brasileiro-serie-a/transfers/wettbewerb/BRA1/saison_id/2017,Série A,/gd-estoril-praia/startseite/verein/1465/saison_id/2017,Estoril Praia,/liga-nos/transfers/wettbewerb/PO1/saison_id/2017,Liga NOS,0.0,2017
27349,/muriel/profil/spieler/27349,Muriel,Goalkeeper,30,700000.0,Brazil,/sc-internacional-porto-alegre-b/startseite/verein/15466/saison_id/2017,Inter B,,Brazil,/cf-os-belenenses/startseite/verein/68608/saison_id/2017,Belenenses,/liga-nos/transfers/wettbewerb/PO1/saison_id/2017,Liga NOS,0.0,2017
68408,/joao-carlos/profil/spieler/68408,João Carlos,Goalkeeper,29,600000.0,Brazil,/aa-ponte-preta/startseite/verein/1134/saison_id/2017,Ponte Preta,/campeonato-brasileiro-serie-b/transfers/wettbewerb/BRA2/saison_id/2017,Série B,/clube-de-regatas-brasil-al-/startseite/verein/11449/saison_id/2017,CRB,/campeonato-brasileiro-serie-b/transfers/wettbewerb/BRA2/saison_id/2017,Série B,0.0,2017
75071,/aranha/profil/spieler/75071,Aranha,Goalkeeper,37,600000.0,Brazil,/aa-ponte-preta/startseite/verein/1134/saison_id/2017,Ponte Preta,/campeonato-brasileiro-serie-b/transfers/wettbewerb/BRA2/saison_id/2017,Série B,/avai-fc-sc-/startseite/verein/2035/saison_id/2017,Avaí FC,/campeonato-brasileiro-serie-b/transfers/wettbewerb/BRA2/saison_id/2017,Série B,0.0,2017
149582,/emerson/profil/spieler/149582,Emerson,Goalkeeper,35,400000.0,Brazil,/paysandu-sport-club-pa-/startseite/verein/6347/saison_id/2017,Paysandu,/campeonato-brasileiro-serie-b/transfers/wettbewerb/BRA2/saison_id/2017,Série B,/joinville-ec-sc-/startseite/verein/3330/saison_id/2017,Joinville-SC,,Brazil,0.0,2017
52953,/felipe-garcia/profil/spieler/52953,Felipe Garcia,Goalkeeper,29,300000.0,Brazil,/atletico-clube-goianiense/startseite/verein/15172/saison_id/2017,Atlético-GO,/campeonato-brasileiro-serie-a/transfers/wettbewerb/BRA1/saison_id/2017,Série A,/moreirense-fc/startseite/verein/979/saison_id/2017,Moreirense,/liga-nos/transfers/wettbewerb/PO1/saison_id/2017,Liga NOS,0.0,2017
190909,/huanderson/profil/spieler/190909,Huanderson,Goalkeeper,34,300000.0,Brazil,/iraklis-thessaloniki/startseite/verein/47/saison_id/2017,Iraklis,,Greece,/apollon-smyrnis/startseite/verein/441/saison_id/2017,Apollon Smyrnis,/super-league-1/transfers/wettbewerb/GR1/saison_id/2017,Super League 1,0.0,2017
347017,/tony-batista/profil/spieler/347017,Tony Batista,Goalkeeper,25,300000.0,Brazil,/cf-uniao-madeira/startseite/verein/976/saison_id/2017,União Madeira,/liga-portugal-2/transfers/wettbewerb/PO2/saison_id/2017,Ledman LigaPro,/leixoes-sc/startseite/verein/3345/saison_id/2017,Leixões,/liga-portugal-2/transfers/wettbewerb/PO2/saison_id/2017,Ledman LigaPro,0.0,2017
351229,/marcos/profil/spieler/351229,Marcos,Goalkeeper,24,300000.0,Brazil,/atletico-clube-goianiense/startseite/verein/15172/saison_id/2017,Atlético-GO,/campeonato-brasileiro-serie-b/transfers/wettbewerb/BRA2/saison_id/2017,Série B,/goias-ec/startseite/verein/3197/saison_id/2017,Goiás,/campeonato-brasileiro-serie-b/transfers/wettbewerb/BRA2/saison_id/2017,Série B,0.0,2017
479211,/elias/profil/spieler/479211,Elias,Goalkeeper,22,50000.0,Brazil,/esporte-clube-juventude/startseite/verein/10492/saison_id/2017,Juventude,/campeonato-brasileiro-serie-b/transfers/wettbewerb/BRA2/saison_id/2017,Série B,/chapecoense/startseite/verein/17776/saison_id/2017,Chapecoense,/campeonato-brasileiro-serie-a/transfers/wettbewerb/BRA1/saison_id/2017,Série A,260000.0,2017
581915,/gianluca/profil/spieler/581915,Gianluca,Goalkeeper,21,0.0,Brazil,/figueirense-futebol-clube-u20/startseite/verein/16665/saison_id/2017,Figueirense U20,,Brazil,/vejle-boldklub/startseite/verein/443/saison_id/2017,Vejle BK,/nordicbet-liga/transfers/wettbewerb/DK2/saison_id/2017,1.Division,111000.0,2017
105470,/alisson/profil/spieler/105470,Alisson,Goalkeeper,25,60000000.0,Brazil,/as-rom/startseite/verein/12/saison_id/2018,AS Roma,/serie-a/transfers/wettbewerb/IT1/saison_id/2018,Serie A,/fc-liverpool/startseite/verein/31/saison_id/2018,Liverpool,/premier-league/transfers/wettbewerb/GB1/saison_id/2018,Premier League,62500000.0,2018
371247,/gabriel-brazao/profil/spieler/371247,Gabriel Brazão,Goalkeeper,18,2000000.0,Brazil,/ec-cruzeiro-belo-horizonte/startseite/verein/609/saison_id/2018,Cruzeiro,/campeonato-brasileiro-serie-a/transfers/wettbewerb/BRA1/saison_id/2018,Série A,/parma-calcio-1913/startseite/verein/130/saison_id/2018,Parma,/serie-a/transfers/wettbewerb/IT1/saison_id/2018,Serie A,6000000.0,2018
52313,/marcelo-grohe/profil/spieler/52313,Marcelo Grohe,Goalkeeper,31,4000000.0,Brazil,/gremio-porto-alegre/startseite/verein/210/saison_id/2018,Grêmio,/campeonato-brasileiro-serie-a/transfers/wettbewerb/BRA1/saison_id/2018,Série A,/al-ittihad-dschidda/startseite/verein/8023/saison_id/2018,Al-Ittihad,/saudi-professional-league/transfers/wettbewerb/SA1/saison_id/2018,Saudi Pro League,2650000.0,2018
512344,/jandrei/profil/spieler/512344,Jandrei,Goalkeeper,25,900000.0,Brazil,/chapecoense/startseite/verein/17776/saison_id/2018,Chapecoense,/campeonato-brasileiro-serie-a/transfers/wettbewerb/BRA1/saison_id/2018,Série A,/genua-cfc/startseite/verein/252/saison_id/2018,Genoa,/serie-a/transfers/wettbewerb/IT1/saison_id/2018,Serie A,2500000.0,2018
95142,/renan-ribeiro/profil/spieler/95142,Renan Ribeiro,Goalkeeper,28,2000000.0,Brazil,/gd-estoril-praia/startseite/verein/1465/saison_id/2018,Estoril Praia,/liga-portugal-2/transfers/wettbewerb/PO2/saison_id/2018,Ledman LigaPro,/sporting-lissabon/startseite/verein/336/saison_id/2018,Sporting CP,/liga-nos/transfers/wettbewerb/PO1/saison_id/2018,Liga NOS,1100000.0,2018
79242,/gabriel/profil/spieler/79242,Gabriel,Goalkeeper,25,1500000.0,Brazil,/ac-mailand/startseite/verein/5/saison_id/2018,AC Milan,/serie-a/transfers/wettbewerb/IT1/saison_id/2018,Serie A,/ac-perugia-calcio/startseite/verein/839/saison_id/2018,Perugia,/serie-b/transfers/wettbewerb/IT2/saison_id/2018,Serie B,0.0,2018
52647,/julio-cesar/profil/spieler/52647,Júlio César,Goalkeeper,32,1250000.0,Brazil,/fluminense-rio-de-janeiro/startseite/verein/2462/saison_id/2018,Fluminense,/campeonato-brasileiro-serie-a/transfers/wettbewerb/BRA1/saison_id/2018,Série A,/gremio-porto-alegre/startseite/verein/210/saison_id/2018,Grêmio,/campeonato-brasileiro-serie-a/transfers/wettbewerb/BRA1/saison_id/2018,Série A,0.0,2018
91953,/sidao/profil/spieler/91953,Sidão,Goalkeeper,36,1000000.0,Brazil,/fc-sao-paulo/startseite/verein/585/saison_id/2018,São Paulo,/campeonato-brasileiro-serie-a/transfers/wettbewerb/BRA1/saison_id/2018,Série A,/goias-ec/startseite/verein/3197/saison_id/2018,Goiás,/campeonato-brasileiro-serie-a/transfers/wettbewerb/BRA1/saison_id/2018,Série A,0.0,2018
52880,/felipe/profil/spieler/52880,Felipe,Goalkeeper,34,950000.0,Brazil,/uberlandia-esporte-clube-mg-/startseite/verein/8825/saison_id/2018,Uberlândia,,Brazil,/kisvarda-fc/startseite/verein/30613/saison_id/2018,Kisvárda,/nemzeti-bajnoksag/transfers/wettbewerb/UNG1/saison_id/2018,NB I.,0.0,2018
270420,/joao-ricardo/profil/spieler/270420,João Ricardo,Goalkeeper,30,900000.0,Brazil,/america-futebol-clube-mg-/startseite/verein/2863/saison_id/2018,América-MG,/campeonato-brasileiro-serie-b/transfers/wettbewerb/BRA2/saison_id/2018,Série B,/chapecoense/startseite/verein/17776/saison_id/2018,Chapecoense,/campeonato-brasileiro-serie-a/transfers/wettbewerb/BRA1/saison_id/2018,Série A,0.0,2018
106032,/everson/profil/spieler/106032,Everson,Goalkeeper,28,800000.0,Brazil,/ceara-sporting-club/startseite/verein/2029/saison_id/2018,Ceará SC,/campeonato-brasileiro-serie-a/transfers/wettbewerb/BRA1/saison_id/2018,Série A,/fc-santos/startseite/verein/221/saison_id/2018,Santos,/campeonato-brasileiro-serie-a/transfers/wettbewerb/BRA1/saison_id/2018,Série A,950000.0,2018
103916,/rafael-cabral/profil/spieler/103916,Rafael Cabral,Goalkeeper,28,800000.0,Brazil,/ssc-neapel/startseite/verein/6195/saison_id/2018,SSC Napoli,/serie-a/transfers/wettbewerb/IT1/saison_id/2018,Serie A,/sampdoria-genua/startseite/verein/1038/saison_id/2018,Sampdoria,/serie-a/transfers/wettbewerb/IT1/saison_id/2018,Serie A,0.0,2018
26231,/tiago-cardoso/profil/spieler/26231,Tiago Cardoso,Goalkeeper,34,750000.0,Brazil,/goias-ec/startseite/verein/3197/saison_id/2018,Goiás,/campeonato-brasileiro-serie-a/transfers/wettbewerb/BRA1/saison_id/2018,Série A,/mirassol-futebol-clube-sp-/startseite/verein/3876/saison_id/2018,Mirassol-SP,/campeonato-paulista-serie-a1-grunddurchgang/transfers/wettbewerb/BCP1/saison_id/2018,Paulistão A1 - Primeira Fase,0.0,2018
212216,/jhonatan/profil/spieler/212216,Jhonatan,Goalkeeper,27,700000.0,Brazil,/moreirense-fc/startseite/verein/979/saison_id/2018,Moreirense,/liga-nos/transfers/wettbewerb/PO1/saison_id/2018,Liga NOS,/vitoria-guimaraes-sc/startseite/verein/2420/saison_id/2018,Vit. Guimarães,/liga-nos/transfers/wettbewerb/PO1/saison_id/2018,Liga NOS,0.0,2018
68408,/joao-carlos/profil/spieler/68408,João Carlos,Goalkeeper,30,600000.0,Brazil,/clube-de-regatas-brasil-al-/startseite/verein/11449/saison_id/2018,CRB,/campeonato-brasileiro-serie-b/transfers/wettbewerb/BRA2/saison_id/2018,Série B,/centro-sportivo-alagoano-al-/startseite/verein/18545/saison_id/2018,CSA,/campeonato-brasileiro-serie-a/transfers/wettbewerb/BRA1/saison_id/2018,Série A,0.0,2018
438682,/daniel-fuzato/profil/spieler/438682,Daniel Fuzato,Goalkeeper,21,50000.0,Brazil,/se-palmeiras-sao-paulo/startseite/verein/1023/saison_id/2018,Palmeiras,/campeonato-brasileiro-serie-a/transfers/wettbewerb/BRA1/saison_id/2018,Série A,/as-rom/startseite/verein/12/saison_id/2018,AS Roma,/serie-a/transfers/wettbewerb/IT1/saison_id/2018,Serie A,500000.0,2018
68442,/vagner/profil/spieler/68442,Vagner,Goalkeeper,32,500000.0,Brazil,/royal-excel-mouscron/startseite/verein/29228/saison_id/2018,Mouscron,/jupiler-pro-league/transfers/wettbewerb/BE1/saison_id/2018,JPL,/qarabag-fk/startseite/verein/10625/saison_id/2018,Qarabag FK,/premyer-liqasi/transfers/wettbewerb/AZ1/saison_id/2018,Premyer Liqa,0.0,2018
101552,/fernando-de-jesus/profil/spieler/101552,Fernando de Jesus,Goalkeeper,33,500000.0,Brazil,/gostaresh-foolad-fc/startseite/verein/31273/saison_id/2018,Gostaresh FC,,Iran,/machine-sazi-tabriz/startseite/verein/27818/saison_id/2018,Machine Sazi,/persian-gulf-pro-league/transfers/wettbewerb/IRN1/saison_id/2018,Persian Gulf Pro League,0.0,2018
159893,/richard-costa/profil/spieler/159893,Richard Costa,Goalkeeper,27,400000.0,Brazil,/parana-clube/startseite/verein/309/saison_id/2018,Paraná,/campeonato-brasileiro-serie-b/transfers/wettbewerb/BRA2/saison_id/2018,Série B,/ceara-sporting-club/startseite/verein/2029/saison_id/2018,Ceará SC,/campeonato-brasileiro-serie-a/transfers/wettbewerb/BRA1/saison_id/2018,Série A,360000.0,2018
74584,/agenor/profil/spieler/74584,Agenor,Goalkeeper,28,300000.0,Brazil,/sport-club-do-recife/startseite/verein/8718/saison_id/2018,Sport Recife,/campeonato-brasileiro-serie-a/transfers/wettbewerb/BRA1/saison_id/2018,Série A,/guarani-fc-sp-/startseite/verein/1755/saison_id/2018,Guarani,/campeonato-brasileiro-serie-b/transfers/wettbewerb/BRA2/saison_id/2018,Série B,0.0,2018
84363,/milton-raphael/profil/spieler/84363,Milton Raphael,Goalkeeper,27,300000.0,Brazil,/aa-portuguesa-rj-/startseite/verein/52517/saison_id/2018,Portuguesa-RJ,/campeonato-carioca-taca-guanabara/transfers/pokalwettbewerb/BRCG/saison_id/2018,Carioca - Taça Guanabara,/vitoria-setubal-fc/startseite/verein/1085/saison_id/2018,Vitória Setúbal,/liga-nos/transfers/wettbewerb/PO1/saison_id/2018,Liga NOS,0.0,2018
541232,/caio-vinicius-pirana/profil/spieler/541232,Caio Vinicius Pirana,Goalkeeper,19,75000.0,Brazil,/ac-campodarsego/startseite/verein/39711/saison_id/2018,Campodarsego,/serie-d-girone-c/transfers/wettbewerb/IT4C/saison_id/2018,Serie D - C,/fc-bologna/startseite/verein/1025/saison_id/2018,Bologna,/serie-a/transfers/wettbewerb/IT1/saison_id/2018,Serie A,100000.0,2018
228049,/joao-gabriel/profil/spieler/228049,João Gabriel,Goalkeeper,26,0.0,Brazil,/cianorte-futebol-clube-pr-/startseite/verein/16837/saison_id/2018,Cianorte,,Brazil,/esporte-clube-vitoria/startseite/verein/2125/saison_id/2018,EC Vitória,/campeonato-brasileiro-serie-b/transfers/wettbewerb/BRA2/saison_id/2018,Série B,70000.0,2018
111819,/neto/profil/spieler/111819,Neto,Goalkeeper,29,18000000.0,Brazil,/fc-valencia/startseite/verein/1049/saison_id/2019,Valencia,/laliga/transfers/wettbewerb/ES1/saison_id/2019,LaLiga,/fc-barcelona/startseite/verein/131/saison_id/2019,Barcelona,/laliga/transfers/wettbewerb/ES1/saison_id/2019,LaLiga,26000000.0,2019
371247,/gabriel-brazao/profil/spieler/371247,Gabriel Brazão,Goalkeeper,18,2000000.0,Brazil,/parma-calcio-1913/startseite/verein/130/saison_id/2019,Parma,/serie-a/transfers/wettbewerb/IT1/saison_id/2019,Serie A,/inter-mailand/startseite/verein/46/saison_id/2019,Inter,/serie-a/transfers/wettbewerb/IT1/saison_id/2019,Serie A,6300000.0,2019
288415,/leo-jardim/profil/spieler/288415,Léo Jardim,Goalkeeper,24,1000000.0,Brazil,/rio-ave-fc/startseite/verein/2425/saison_id/2019,Rio Ave,/liga-nos/transfers/wettbewerb/PO1/saison_id/2019,Liga NOS,/losc-lille/startseite/verein/1082/saison_id/2019,LOSC Lille,/ligue-1/transfers/wettbewerb/FR1/saison_id/2019,Ligue 1,6000000.0,2019
468247,/cleiton/profil/spieler/468247,Cleiton,Goalkeeper,22,3000000.0,Brazil,/clube-atletico-mineiro/startseite/verein/330/saison_id/2019,Atlético-MG,/campeonato-brasileiro-serie-a/transfers/wettbewerb/BRA1/saison_id/2019,Série A,/red-bull-bragantino/startseite/verein/8793/saison_id/2019,RB Bragantino,/campeonato-brasileiro-serie-a/transfers/wettbewerb/BRA1/saison_id/2019,Série A,5000000.0,2019
227671,/tiago-volpi/profil/spieler/227671,Tiago Volpi,Goalkeeper,29,3000000.0,Brazil,/queretaro-fc/startseite/verein/4961/saison_id/2019,Querétaro FC,/liga-mx-apertura/transfers/wettbewerb/MEXA/saison_id/2019,Liga MX Apertura,/fc-sao-paulo/startseite/verein/585/saison_id/2019,São Paulo,/campeonato-brasileiro-serie-a/transfers/wettbewerb/BRA1/saison_id/2019,Série A,4500000.0,2019
288415,/leo-jardim/profil/spieler/288415,Léo Jardim,Goalkeeper,24,1000000.0,Brazil,/gremio-porto-alegre/startseite/verein/210/saison_id/2019,Grêmio,/campeonato-brasileiro-serie-a/transfers/wettbewerb/BRA1/saison_id/2019,Série A,/rio-ave-fc/startseite/verein/2425/saison_id/2019,Rio Ave,/liga-nos/transfers/wettbewerb/PO1/saison_id/2019,Liga NOS,1000000.0,2019
68727,/vanderlei/profil/spieler/68727,Vanderlei,Goalkeeper,35,1000000.0,Brazil,/fc-santos/startseite/verein/221/saison_id/2019,Santos,/campeonato-brasileiro-serie-a/transfers/wettbewerb/BRA1/saison_id/2019,Série A,/gremio-porto-alegre/startseite/verein/210/saison_id/2019,Grêmio,/campeonato-brasileiro-serie-a/transfers/wettbewerb/BRA1/saison_id/2019,Série A,650000.0,2019
258367,/tadeu/profil/spieler/258367,Tadeu,Goalkeeper,27,1000000.0,Brazil,/associacao-ferroviaria-de-esportes-sp-/startseite/verein/15882/saison_id/2019,Ferroviária,/campeonato-paulista-serie-a1-grunddurchgang/transfers/wettbewerb/BCP1/saison_id/2019,Paulistão A1 - Primeira Fase,/goias-ec/startseite/verein/3197/saison_id/2019,Goiás,/campeonato-brasileiro-serie-a/transfers/wettbewerb/BRA1/saison_id/2019,Série A,220000.0,2019
79242,/gabriel/profil/spieler/79242,Gabriel,Goalkeeper,26,1000000.0,Brazil,/ac-perugia-calcio/startseite/verein/839/saison_id/2019,Perugia,/serie-b/transfers/wettbewerb/IT2/saison_id/2019,Serie B,/us-lecce/startseite/verein/1005/saison_id/2019,Lecce,/serie-a/transfers/wettbewerb/IT1/saison_id/2019,Serie A,0.0,2019
27349,/muriel/profil/spieler/27349,Muriel,Goalkeeper,32,800000.0,Brazil,/belenenses-sad/startseite/verein/2457/saison_id/2019,B SAD,/liga-nos/transfers/wettbewerb/PO1/saison_id/2019,Liga NOS,/fluminense-rio-de-janeiro/startseite/verein/2462/saison_id/2019,Fluminense,/campeonato-brasileiro-serie-a/transfers/wettbewerb/BRA1/saison_id/2019,Série A,0.0,2019
75102,/denis/profil/spieler/75102,Denis,Goalkeeper,32,750000.0,Brazil,/figueirense-fc/startseite/verein/4064/saison_id/2019,Figueirense FC,/campeonato-brasileiro-serie-b/transfers/wettbewerb/BRA2/saison_id/2019,Série B,/gil-vicente-fc/startseite/verein/2424/saison_id/2019,Gil Vicente,/liga-nos/transfers/wettbewerb/PO1/saison_id/2019,Liga NOS,0.0,2019
68097,/rafael/profil/spieler/68097,Rafael,Goalkeeper,30,500000.0,Brazil,/ec-cruzeiro-belo-horizonte/startseite/verein/609/saison_id/2019,Cruzeiro,/campeonato-brasileiro-serie-b/transfers/wettbewerb/BRA2/saison_id/2019,Série B,/clube-atletico-mineiro/startseite/verein/330/saison_id/2019,Atlético-MG,/campeonato-brasileiro-serie-a/transfers/wettbewerb/BRA1/saison_id/2019,Série A,0.0,2019
68408,/joao-carlos/profil/spieler/68408,João Carlos,Goalkeeper,31,500000.0,Brazil,/centro-sportivo-alagoano-al-/startseite/verein/18545/saison_id/2019,CSA,/campeonato-brasileiro-serie-b/transfers/wettbewerb/BRA2/saison_id/2019,Série B,/cuiaba-ec-mt-/startseite/verein/28022/saison_id/2019,Cuiabá-MT,/campeonato-brasileiro-serie-b/transfers/wettbewerb/BRA2/saison_id/2019,Série B,0.0,2019
76139,/thiago-rodrigues/profil/spieler/76139,Thiago Rodrigues,Goalkeeper,31,500000.0,Brazil,/parana-clube/startseite/verein/309/saison_id/2019,Paraná,/campeonato-brasileiro-serie-b/transfers/wettbewerb/BRA2/saison_id/2019,Série B,/centro-sportivo-alagoano-al-/startseite/verein/18545/saison_id/2019,CSA,/campeonato-brasileiro-serie-b/transfers/wettbewerb/BRA2/saison_id/2019,Série B,0.0,2019
101552,/fernando-de-jesus/profil/spieler/101552,Fernando de Jesus,Goalkeeper,35,500000.0,Brazil,/machine-sazi-tabriz/startseite/verein/27818/saison_id/2019,Machine Sazi,/persian-gulf-pro-league/transfers/wettbewerb/IRN1/saison_id/2019,Persian Gulf Pro League,/pars-jonoubi-jam/startseite/verein/44255/saison_id/2019,Pars Jam,/persian-gulf-pro-league/transfers/wettbewerb/IRN1/saison_id/2019,Persian Gulf Pro League,0.0,2019
103916,/rafael-cabral/profil/spieler/103916,Rafael Cabral,Goalkeeper,29,500000.0,Brazil,/sampdoria-genua/startseite/verein/1038/saison_id/2019,Sampdoria,/serie-a/transfers/wettbewerb/IT1/saison_id/2019,Serie A,/fc-reading/startseite/verein/1032/saison_id/2019,Reading,/championship/transfers/wettbewerb/GB2/saison_id/2019,Championship,0.0,2019
116420,/giovanni/profil/spieler/116420,Giovanni,Goalkeeper,32,500000.0,Brazil,/guarani-fc-sp-/startseite/verein/1755/saison_id/2019,Guarani,/campeonato-brasileiro-serie-b/transfers/wettbewerb/BRA2/saison_id/2019,Série B,/paysandu-sport-club-pa-/startseite/verein/6347/saison_id/2019,Paysandu,,Brazil,0.0,2019
116420,/giovanni/profil/spieler/116420,Giovanni,Goalkeeper,32,500000.0,Brazil,/paysandu-sport-club-pa-/startseite/verein/6347/saison_id/2019,Paysandu,/campeonato-brasileiro-serie-c/transfers/pokalwettbewerb/BRA3/saison_id/2019,Série C,/esporte-clube-agua-santa-sp-/startseite/verein/45176/saison_id/2019,Água Santa-SP,/campeonato-paulista-serie-a1-grunddurchgang/transfers/wettbewerb/BCP1/saison_id/2019,Paulistão A1 - Primeira Fase,0.0,2019
181777,/uilson/profil/spieler/181777,Uilson,Goalkeeper,25,500000.0,Brazil,/clube-atletico-mineiro-b/startseite/verein/16655/saison_id/2019,Atlético-MG B,,Brazil,/coimbra-esporte-clube-ltda-mg-/startseite/verein/27323/saison_id/2019,Coimbra,,Brazil,0.0,2019
372201,/ricardo-friedrich/profil/spieler/372201,Ricardo Friedrich,Goalkeeper,26,500000.0,Brazil,/fk-bodo-glimt/startseite/verein/501/saison_id/2019,Bodø/Glimt,/eliteserien/transfers/wettbewerb/NO1/saison_id/2019,Eliteserien,/mke-ankaragucu/startseite/verein/868/saison_id/2019,Ankaragücü,/super-lig/transfers/wettbewerb/TR1/saison_id/2019,Süper Lig,0.0,2019
573907,/luiz-felipe/profil/spieler/573907,Luiz Felipe,Goalkeeper,22,500000.0,Brazil,/zorya-lugansk/startseite/verein/10690/saison_id/2019,Zorya Lugansk,/premier-liga/transfers/wettbewerb/UKR1/saison_id/2019,Premier Liga,/clube-esportivo-aimore-rs-/startseite/verein/29501/saison_id/2019,Aimoré,/campeonato-gaucho-2-ordm-turno-grupo/transfers/wettbewerb/BRga/saison_id/2019,Gauchão - 2º Turno,0.0,2019
52880,/felipe/profil/spieler/52880,Felipe,Goalkeeper,35,400000.0,Brazil,/kisvarda-fc/startseite/verein/30613/saison_id/2019,Kisvárda,/nemzeti-bajnoksag/transfers/wettbewerb/UNG1/saison_id/2019,NB I.,/botafogo-futebol-clube-pb-/startseite/verein/17964/saison_id/2019,Botafogo-PB,/campeonato-brasileiro-serie-c/transfers/pokalwettbewerb/BRA3/saison_id/2019,Série C,0.0,2019
74584,/agenor/profil/spieler/74584,Agenor,Goalkeeper,30,400000.0,Brazil,/fluminense-rio-de-janeiro/startseite/verein/2462/saison_id/2019,Fluminense,/campeonato-brasileiro-serie-a/transfers/wettbewerb/BRA1/saison_id/2019,Série A,/criciuma-esporte-clube/startseite/verein/7178/saison_id/2019,Criciúma EC,/campeonato-brasileiro-serie-c/transfers/pokalwettbewerb/BRA3/saison_id/2019,Série C,0.0,2019
149582,/emerson/profil/spieler/149582,Emerson,Goalkeeper,37,400000.0,Brazil,/londrina-esporte-clube-pr-/startseite/verein/1693/saison_id/2019,Londrina-PR,/campeonato-brasileiro-serie-c/transfers/pokalwettbewerb/BRA3/saison_id/2019,Série C,/brunei-dpmm-fc/startseite/verein/14320/saison_id/2019,DPMM FC,/singapore-premier-league/transfers/wettbewerb/SIN1/saison_id/2019,Premier League,0.0,2019
200455,/vagner/profil/spieler/200455,Vagner,Goalkeeper,30,400000.0,Brazil,/se-palmeiras-sao-paulo/startseite/verein/1023/saison_id/2019,Palmeiras,/campeonato-brasileiro-serie-a/transfers/wettbewerb/BRA1/saison_id/2019,Série A,/chapecoense/startseite/verein/17776/saison_id/2019,Chapecoense,/campeonato-brasileiro-serie-b/transfers/wettbewerb/BRA2/saison_id/2019,Série B,0.0,2019
136574,/gustavo-busatto/profil/spieler/136574,Gustavo Busatto,Goalkeeper,28,300000.0,Brazil,/ituano-futebol-clube-sp-/startseite/verein/4773/saison_id/2019,Ituano,/campeonato-paulista-serie-a1-grunddurchgang/transfers/wettbewerb/BCP1/saison_id/2019,Paulistão A1 - Primeira Fase,/zska-sofia/startseite/verein/208/saison_id/2019,CSKA-Sofia,/efbet-liga/transfers/wettbewerb/BU1/saison_id/2019,efbet Liga,0.0,2019
610408,/andre-grandi/profil/spieler/610408,André Grandi,Goalkeeper,22,300000.0,Brazil,/dux-internacional-de-madrid/startseite/verein/50260/saison_id/2019,Inter de Madrid,/segunda-division-b-grupo-i-bis-20-21-/transfers/wettbewerb/ES3A/saison_id/2019,2ª B - Grupo I,/cd-leganes-b/startseite/verein/17686/saison_id/2019,CD Leganés B,,Spain,0.0,2019
175383,/helton-leite/profil/spieler/175383,Helton Leite,Goalkeeper,29,550000.0,Brazil,/boavista-porto-fc/startseite/verein/2503/saison_id/2020,Boavista,/liga-nos/transfers/wettbewerb/PO1/saison_id/2020,Liga NOS,/benfica-lissabon/startseite/verein/294/saison_id/2020,Benfica,/liga-nos/transfers/wettbewerb/PO1/saison_id/2020,Liga NOS,1500000.0,2020
106032,/everson/profil/spieler/106032,Everson,Goalkeeper,30,1200000.0,Brazil,/fc-santos/startseite/verein/221/saison_id/2020,Santos,/campeonato-brasileiro-serie-a/transfers/wettbewerb/BRA1/saison_id/2020,Série A,/clube-atletico-mineiro/startseite/verein/330/saison_id/2020,Atlético-MG,/campeonato-brasileiro-serie-a/transfers/wettbewerb/BRA1/saison_id/2020,Série A,1000000.0,2020
68727,/vanderlei/profil/spieler/68727,Vanderlei,Goalkeeper,37,900000.0,Brazil,/gremio-porto-alegre/startseite/verein/210/saison_id/2020,Grêmio,/campeonato-brasileiro-serie-a/transfers/wettbewerb/BRA1/saison_id/2020,Série A,/vasco-da-gama-rio-de-janeiro/startseite/verein/978/saison_id/2020,Vasco da Gama,/campeonato-brasileiro-serie-b/transfers/wettbewerb/BRA2/saison_id/2020,Série B,0.0,2020
212198,/vana-alves/profil/spieler/212198,Vaná Alves,Goalkeeper,29,800000.0,Brazil,/fc-porto/startseite/verein/720/saison_id/2020,FC Porto,/liga-nos/transfers/wettbewerb/PO1/saison_id/2020,Liga NOS,/fc-famalicao/startseite/verein/3329/saison_id/2020,Famalicão,/liga-nos/transfers/wettbewerb/PO1/saison_id/2020,Liga NOS,0.0,2020
662334,/marcelo-pitaluga/profil/spieler/662334,Marcelo Pitaluga,Goalkeeper,17,100000.0,Brazil,/fluminense-rio-de-janeiro-u20/startseite/verein/14702/saison_id/2020,Fluminense U20,,Brazil,/fc-liverpool/startseite/verein/31/saison_id/2020,Liverpool,/premier-league/transfers/wettbewerb/GB1/saison_id/2020,Premier League,750000.0,2020
277743,/alex-muralha/profil/spieler/277743,Alex Muralha,Goalkeeper,31,500000.0,Brazil,/flamengo-rio-de-janeiro/startseite/verein/614/saison_id/2020,Flamengo,/campeonato-brasileiro-serie-a/transfers/wettbewerb/BRA1/saison_id/2020,Série A,/coritiba-fc/startseite/verein/776/saison_id/2020,Coritiba FC,/campeonato-brasileiro-serie-b/transfers/wettbewerb/BRA2/saison_id/2020,Série B,0.0,2020
255928,/jordi/profil/spieler/255928,Jordi,Goalkeeper,26,475000.0,Brazil,/vasco-da-gama-rio-de-janeiro/startseite/verein/978/saison_id/2020,Vasco da Gama,/campeonato-brasileiro-serie-a/transfers/wettbewerb/BRA1/saison_id/2020,Série A,/fc-pacos-de-ferreira/startseite/verein/2995/saison_id/2020,Paços Ferreira,/liga-nos/transfers/wettbewerb/PO1/saison_id/2020,Liga NOS,0.0,2020
277743,/alex-muralha/profil/spieler/277743,Alex Muralha,Goalkeeper,31,450000.0,Brazil,/mirassol-futebol-clube-sp-/startseite/verein/3876/saison_id/2020,Mirassol-SP,/campeonato-paulista-serie-a1-grunddurchgang/transfers/wettbewerb/BCP1/saison_id/2020,Paulistão A1 - Primeira Fase,/coritiba-fc/startseite/verein/776/saison_id/2020,Coritiba FC,/campeonato-brasileiro-serie-b/transfers/wettbewerb/BRA2/saison_id/2020,Série B,0.0,2020
277743,/alex-muralha/profil/spieler/277743,Alex Muralha,Goalkeeper,31,450000.0,Brazil,/coritiba-fc/startseite/verein/776/saison_id/2020,Coritiba FC,/campeonato-brasileiro-serie-b/transfers/wettbewerb/BRA2/saison_id/2020,Série B,/mirassol-futebol-clube-sp-/startseite/verein/3876/saison_id/2020,Mirassol-SP,/campeonato-paulista-serie-a1-grunddurchgang/transfers/wettbewerb/BCP1/saison_id/2020,Paulistão A1 - Primeira Fase,0.0,2020
116420,/giovanni/profil/spieler/116420,Giovanni,Goalkeeper,33,400000.0,Brazil,/esporte-clube-agua-santa-sp-/startseite/verein/45176/saison_id/2020,Água Santa-SP,/campeonato-paulista-serie-a1-grunddurchgang/transfers/wettbewerb/BCP1/saison_id/2020,Paulistão A1 - Primeira Fase,/gremio-novorizontino-sp-/startseite/verein/37474/saison_id/2020,Novorizontino,/campeonato-paulista-serie-a1-grunddurchgang/transfers/wettbewerb/BCP1/saison_id/2020,Paulistão A1 - Primeira Fase,0.0,2020
202959,/neto-volpi/profil/spieler/202959,Neto Volpi,Goalkeeper,28,400000.0,Brazil,/shimizu-s-pulse/startseite/verein/1062/saison_id/2020,Shimizu S-Pulse,/j1-league/transfers/wettbewerb/JAP1/saison_id/2020,J1 League,/concordia-atletico-clube-sc-/startseite/verein/31534/saison_id/2020,Concórdia,,Brazil,0.0,2020
270420,/joao-ricardo/profil/spieler/270420,João Ricardo,Goalkeeper,32,400000.0,Brazil,/chapecoense/startseite/verein/17776/saison_id/2020,Chapecoense,/campeonato-brasileiro-serie-a/transfers/wettbewerb/BRA1/saison_id/2020,Série A,/ceara-sporting-club/startseite/verein/2029/saison_id/2020,Ceará SC,/campeonato-brasileiro-serie-a/transfers/wettbewerb/BRA1/saison_id/2020,Série A,0.0,2020
573907,/luiz-felipe/profil/spieler/573907,Luiz Felipe,Goalkeeper,23,400000.0,Brazil,/clube-esportivo-aimore-rs-/startseite/verein/29501/saison_id/2020,Aimoré,,Brazil,/coimbra-esporte-clube-ltda-mg-/startseite/verein/27323/saison_id/2020,Coimbra,,Brazil,0.0,2020
573907,/luiz-felipe/profil/spieler/573907,Luiz Felipe,Goalkeeper,24,400000.0,Brazil,/coimbra-esporte-clube-ltda-mg-/startseite/verein/27323/saison_id/2020,Coimbra,,Brazil,/clube-esportivo-aimore-rs-/startseite/verein/29501/saison_id/2020,Aimoré,,Brazil,0.0,2020
610408,/andre-grandi/profil/spieler/610408,André Grandi,Goalkeeper,23,300000.0,Brazil,/cd-leganes-b/startseite/verein/17686/saison_id/2020,CD Leganés B,,Spain,/paysandu-sport-club-pa-/startseite/verein/6347/saison_id/2020,Paysandu,/campeonato-brasileiro-serie-c/transfers/pokalwettbewerb/BRA3/saison_id/2020,Série C,0.0,2020
723168,/maycon-cleiton/profil/spieler/723168,Maycon Cleiton,Goalkeeper,22,0.0,Brazil,/santa-cruz-futebol-clube-pe-/startseite/verein/1785/saison_id/2020,Santa Cruz-PE,/copa-do-nordeste-fase-de-grupos/transfers/wettbewerb/BRNE/saison_id/2020,Copa do Nordeste - Fase de Grupos,/red-bull-bragantino/startseite/verein/8793/saison_id/2020,RB Bragantino,/campeonato-brasileiro-serie-a/transfers/wettbewerb/BRA1/saison_id/2020,Série A,150000.0,2020
841263,/pedro-rangel/profil/spieler/841263,Pedro Rangel,Goalkeeper,20,0.0,Brazil,/sociedade-esportiva-itapirense-sp-u20/startseite/verein/96911/saison_id/2020,Itapirense U20,,Brazil,/fluminense-football-club-u23/startseite/verein/96207/saison_id/2020,Fluminense U23,,Brazil,20000.0,2020
140811,/santos/profil/spieler/140811,Santos,Goalkeeper,32,3500000.0,Brazil,/club-athletico-paranaense/startseite/verein/679/saison_id/2021,Athletico-PR,/campeonato-brasileiro-serie-a/transfers/wettbewerb/BRA1/saison_id/2021,Série A,/flamengo-rio-de-janeiro/startseite/verein/614/saison_id/2021,Flamengo,/campeonato-brasileiro-serie-a/transfers/wettbewerb/BRA1/saison_id/2021,Série A,3000000.0,2021
364257,/ivan/profil/spieler/364257,Ivan,Goalkeeper,24,2500000.0,Brazil,/aa-ponte-preta/startseite/verein/1134/saison_id/2021,Ponte Preta,/campeonato-brasileiro-serie-b/transfers/wettbewerb/BRA2/saison_id/2021,Série B,/corinthians-sao-paulo/startseite/verein/199/saison_id/2021,Corinthians,/campeonato-brasileiro-serie-a/transfers/wettbewerb/BRA1/saison_id/2021,Série A,2000000.0,2021
371231,/jean/profil/spieler/371231,Jean,Goalkeeper,26,1800000.0,Brazil,/fc-sao-paulo/startseite/verein/585/saison_id/2021,São Paulo,/campeonato-brasileiro-serie-a/transfers/wettbewerb/BRA1/saison_id/2021,Série A,/club-cerro-porteno/startseite/verein/1214/saison_id/2021,Cerro Porteño,/primera-division-clausura/transfers/wettbewerb/PR1C/saison_id/2021,Primera División Clausura,1000000.0,2021
412372,/lucao/profil/spieler/412372,Lucão,Goalkeeper,20,1500000.0,Brazil,/vasco-da-gama-rio-de-janeiro/startseite/verein/978/saison_id/2021,Vasco da Gama,/campeonato-brasileiro-serie-b/transfers/wettbewerb/BRA2/saison_id/2021,Série B,/red-bull-bragantino/startseite/verein/8793/saison_id/2021,RB Bragantino,/campeonato-brasileiro-serie-a/transfers/wettbewerb/BRA1/saison_id/2021,Série A,0.0,2021
512344,/jandrei/profil/spieler/512344,Jandrei,Goalkeeper,28,1000000.0,Brazil,/genua-cfc/startseite/verein/252/saison_id/2021,Genoa,/serie-a/transfers/wettbewerb/IT1/saison_id/2021,Serie A,/fc-santos/startseite/verein/221/saison_id/2021,Santos,/campeonato-brasileiro-serie-a/transfers/wettbewerb/BRA1/saison_id/2021,Série A,0.0,2021
53015,/marcelo-lomba/profil/spieler/53015,Marcelo Lomba,Goalkeeper,35,900000.0,Brazil,/sc-internacional-porto-alegre/startseite/verein/6600/saison_id/2021,Internacional,/campeonato-brasileiro-serie-a/transfers/wettbewerb/BRA1/saison_id/2021,Série A,/se-palmeiras-sao-paulo/startseite/verein/1023/saison_id/2021,Palmeiras,/campeonato-brasileiro-serie-a/transfers/wettbewerb/BRA1/saison_id/2021,Série A,0.0,2021
512344,/jandrei/profil/spieler/512344,Jandrei,Goalkeeper,28,800000.0,Brazil,/fc-santos/startseite/verein/221/saison_id/2021,Santos,/campeonato-brasileiro-serie-a/transfers/wettbewerb/BRA1/saison_id/2021,Série A,/fc-sao-paulo/startseite/verein/585/saison_id/2021,São Paulo,/campeonato-brasileiro-serie-a/transfers/wettbewerb/BRA1/saison_id/2021,Série A,0.0,2021
99439,/danilo-fernandes/profil/spieler/99439,Danilo Fernandes,Goalkeeper,33,750000.0,Brazil,/sc-internacional-porto-alegre/startseite/verein/6600/saison_id/2021,Internacional,/campeonato-brasileiro-serie-a/transfers/wettbewerb/BRA1/saison_id/2021,Série A,/esporte-clube-bahia/startseite/verein/10010/saison_id/2021,EC Bahia,/campeonato-brasileiro-serie-b/transfers/wettbewerb/BRA2/saison_id/2021,Série B,0.0,2021
98930,/vladimir/profil/spieler/98930,Vladimir,Goalkeeper,31,700000.0,Brazil,/fc-santos/startseite/verein/221/saison_id/2021,Santos,/campeonato-brasileiro-serie-a/transfers/wettbewerb/BRA1/saison_id/2021,Série A,/avai-fc-sc-/startseite/verein/2035/saison_id/2021,Avaí FC,/campeonato-brasileiro-serie-b/transfers/wettbewerb/BRA2/saison_id/2021,Série B,0.0,2021
374094,/douglas-friedrich/profil/spieler/374094,Douglas Friedrich,Goalkeeper,33,700000.0,Brazil,/esporte-clube-bahia/startseite/verein/10010/saison_id/2021,EC Bahia,/campeonato-brasileiro-serie-b/transfers/wettbewerb/BRA2/saison_id/2021,Série B,/avai-fc-sc-/startseite/verein/2035/saison_id/2021,Avaí FC,/campeonato-brasileiro-serie-a/transfers/wettbewerb/BRA1/saison_id/2021,Série A,0.0,2021
103916,/rafael-cabral/profil/spieler/103916,Rafael Cabral,Goalkeeper,31,600000.0,Brazil,/fc-reading/startseite/verein/1032/saison_id/2021,Reading,/championship/transfers/wettbewerb/GB2/saison_id/2021,Championship,/ec-cruzeiro-belo-horizonte/startseite/verein/609/saison_id/2021,Cruzeiro,/campeonato-brasileiro-serie-b/transfers/wettbewerb/BRA2/saison_id/2021,Série B,0.0,2021
273250,/luan-polli/profil/spieler/273250,Luan Polli,Goalkeeper,28,600000.0,Brazil,/sport-club-do-recife/startseite/verein/8718/saison_id/2021,Sport Recife,/campeonato-brasileiro-serie-a/transfers/wettbewerb/BRA1/saison_id/2021,Série A,/atletico-clube-goianiense/startseite/verein/15172/saison_id/2021,Atlético-GO,/campeonato-brasileiro-serie-a/transfers/wettbewerb/BRA1/saison_id/2021,Série A,0.0,2021
387925,/ronaldo/profil/spieler/387925,Ronaldo,Goalkeeper,25,550000.0,Brazil,/esporte-clube-vitoria/startseite/verein/2125/saison_id/2021,EC Vitória,/campeonato-baiano/transfers/pokalwettbewerb/BRCB/saison_id/2021,Campeonato Baiano,/atletico-clube-goianiense/startseite/verein/15172/saison_id/2021,Atlético-GO,/campeonato-brasileiro-serie-a/transfers/wettbewerb/BRA1/saison_id/2021,Série A,0.0,2021
412685,/cesar/profil/spieler/412685,César,Goalkeeper,26,550000.0,Brazil,/londrina-esporte-clube-pr-/startseite/verein/1693/saison_id/2021,Londrina-PR,/campeonato-brasileiro-serie-b/transfers/wettbewerb/BRA2/saison_id/2021,Série B,/esporte-clube-juventude/startseite/verein/10492/saison_id/2021,Juventude,/campeonato-brasileiro-serie-a/transfers/wettbewerb/BRA1/saison_id/2021,Série A,0.0,2021
54323,/wilson/profil/spieler/54323,Wilson,Goalkeeper,38,500000.0,Brazil,/coritiba-fc/startseite/verein/776/saison_id/2021,Coritiba FC,/campeonato-brasileiro-serie-a/transfers/wettbewerb/BRA1/saison_id/2021,Série A,/figueirense-fc/startseite/verein/4064/saison_id/2021,Figueirense FC,,Brazil,0.0,2021
67886,/paulo-victor/profil/spieler/67886,Paulo Victor,Goalkeeper,34,500000.0,Brazil,/gremio-porto-alegre/startseite/verein/210/saison_id/2021,Grêmio,/campeonato-brasileiro-serie-a/transfers/wettbewerb/BRA1/saison_id/2021,Série A,/cs-maritimo/startseite/verein/1301/saison_id/2021,Marítimo,/liga-nos/transfers/wettbewerb/PO1/saison_id/2021,Liga Portugal,0.0,2021
175172,/rafael-martins/profil/spieler/175172,Rafael Martins,Goalkeeper,30,500000.0,Brazil,/gremio-esportivo-brasil-rs-/startseite/verein/10560/saison_id/2021,Brasil Pelotas,,Brazil,/guarani-fc-sp-/startseite/verein/1755/saison_id/2021,Guarani,/campeonato-brasileiro-serie-b/transfers/wettbewerb/BRA2/saison_id/2021,Série B,0.0,2021
212198,/vana-alves/profil/spieler/212198,Vaná Alves,Goalkeeper,30,500000.0,Brazil,/fc-famalicao/startseite/verein/3329/saison_id/2021,Famalicão,/liga-nos/transfers/wettbewerb/PO1/saison_id/2021,Liga Portugal,/aris-limassol/startseite/verein/10586/saison_id/2021,Aris Limassol,/protathlima-cyta/transfers/wettbewerb/ZYP1/saison_id/2021,Protathlima Cyta,0.0,2021
22415,/fabio/profil/spieler/22415,Fábio,Goalkeeper,41,450000.0,Brazil,/ec-cruzeiro-belo-horizonte/startseite/verein/609/saison_id/2021,Cruzeiro,/campeonato-brasileiro-serie-b/transfers/wettbewerb/BRA2/saison_id/2021,Série B,/fluminense-rio-de-janeiro/startseite/verein/2462/saison_id/2021,Fluminense,/campeonato-brasileiro-serie-a/transfers/wettbewerb/BRA1/saison_id/2021,Série A,0.0,2021
181773,/charles/profil/spieler/181773,Charles,Goalkeeper,27,400000.0,Brazil,/cs-maritimo/startseite/verein/1301/saison_id/2021,Marítimo,/liga-nos/transfers/wettbewerb/PO1/saison_id/2021,Liga Portugal,/fc-vizela/startseite/verein/6912/saison_id/2021,Vizela,/liga-nos/transfers/wettbewerb/PO1/saison_id/2021,Liga Portugal,0.0,2021
269860,/walter/profil/spieler/269860,Walter,Goalkeeper,34,400000.0,Brazil,/corinthians-sao-paulo/startseite/verein/199/saison_id/2021,Corinthians,/campeonato-brasileiro-serie-a/transfers/wettbewerb/BRA1/saison_id/2021,Série A,/cuiaba-ec-mt-/startseite/verein/28022/saison_id/2021,Cuiabá-MT,/campeonato-brasileiro-serie-a/transfers/wettbewerb/BRA1/saison_id/2021,Série A,0.0,2021
408850,/caique-franca/profil/spieler/408850,Caíque França,Goalkeeper,26,400000.0,Brazil,/corinthians-sao-paulo/startseite/verein/199/saison_id/2021,Corinthians,/campeonato-brasileiro-serie-a/transfers/wettbewerb/BRA1/saison_id/2021,Série A,/aa-ponte-preta/startseite/verein/1134/saison_id/2021,Ponte Preta,/campeonato-brasileiro-serie-b/transfers/wettbewerb/BRA2/saison_id/2021,Série B,0.0,2021
573907,/luiz-felipe/profil/spieler/573907,Luiz Felipe,Goalkeeper,24,400000.0,Brazil,/clube-esportivo-aimore-rs-/startseite/verein/29501/saison_id/2021,Aimoré,,Brazil,/belenenses-sad/startseite/verein/2457/saison_id/2021,B SAD,/liga-nos/transfers/wettbewerb/PO1/saison_id/2021,Liga Portugal,0.0,2021
645897,/gabriel-mesquita/profil/spieler/645897,Gabriel Mesquita,Goalkeeper,23,400000.0,Brazil,/guarani-fc-sp-/startseite/verein/1755/saison_id/2021,Guarani,/campeonato-brasileiro-serie-b/transfers/wettbewerb/BRA2/saison_id/2021,Série B,/ec-cruzeiro-belo-horizonte/startseite/verein/609/saison_id/2021,Cruzeiro,/campeonato-brasileiro-serie-b/transfers/wettbewerb/BRA2/saison_id/2021,Série B,0.0,2021
99523,/nicolas/profil/spieler/99523,Nícolas,Goalkeeper,33,350000.0,Brazil,/reggina-1914/startseite/verein/1386/saison_id/2021,Reggina,/serie-b/transfers/wettbewerb/IT2/saison_id/2021,Serie B,/ac-pisa-1909/startseite/verein/4172/saison_id/2021,Pisa,/serie-b/transfers/wettbewerb/IT2/saison_id/2021,Serie B,0.0,2021
177776,/cesar/profil/spieler/177776,César,Goalkeeper,30,350000.0,Brazil,/flamengo-rio-de-janeiro/startseite/verein/614/saison_id/2021,Flamengo,/campeonato-brasileiro-serie-a/transfers/wettbewerb/BRA1/saison_id/2021,Série A,/esporte-clube-bahia/startseite/verein/10010/saison_id/2021,EC Bahia,/campeonato-brasileiro-serie-b/transfers/wettbewerb/BRA2/saison_id/2021,Série B,0.0,2021
438431,/mauricio-kozlinski/profil/spieler/438431,Mauricio Kozlinski,Goalkeeper,30,350000.0,Brazil,/atletico-clube-goianiense/startseite/verein/15172/saison_id/2021,Atlético-GO,/campeonato-brasileiro-serie-a/transfers/wettbewerb/BRA1/saison_id/2021,Série A,/guarani-fc-sp-/startseite/verein/1755/saison_id/2021,Guarani,/campeonato-brasileiro-serie-b/transfers/wettbewerb/BRA2/saison_id/2021,Série B,0.0,2021
76139,/thiago-rodrigues/profil/spieler/76139,Thiago Rodrigues,Goalkeeper,33,300000.0,Brazil,/centro-sportivo-alagoano-al-/startseite/verein/18545/saison_id/2021,CSA,/campeonato-brasileiro-serie-b/transfers/wettbewerb/BRA2/saison_id/2021,Série B,/vasco-da-gama-rio-de-janeiro/startseite/verein/978/saison_id/2021,Vasco da Gama,/campeonato-brasileiro-serie-b/transfers/wettbewerb/BRA2/saison_id/2021,Série B,0.0,2021
102227,/rodolfo/profil/spieler/102227,Rodolfo,Goalkeeper,30,300000.0,Brazil,/fluminense-rio-de-janeiro/startseite/verein/2462/saison_id/2021,Fluminense,/campeonato-brasileiro-serie-a/transfers/wettbewerb/BRA1/saison_id/2021,Série A,/oeste-fc-sp-/startseite/verein/21829/saison_id/2021,Oeste,,Brazil,0.0,2021
530421,/daniel/profil/spieler/530421,Daniel,Goalkeeper,28,3500000.0,Brazil,/sc-internacional-porto-alegre/startseite/verein/6600/saison_id/2022,Internacional,/campeonato-brasileiro-serie-a/transfers/wettbewerb/BRA1/saison_id/2022,Série A,/san-jose-earthquakes/startseite/verein/218/saison_id/2022,San Jose,/major-league-soccer/transfers/wettbewerb/MLS1/saison_id/2022,MLS,600000.0,2022
288415,/leo-jardim/profil/spieler/288415,Léo Jardim,Goalkeeper,27,3000000.0,Brazil,/losc-lille/startseite/verein/1082/saison_id/2022,LOSC Lille,/ligue-1/transfers/wettbewerb/FR1/saison_id/2022,Ligue 1,/vasco-da-gama-rio-de-janeiro/startseite/verein/978/saison_id/2022,Vasco da Gama,/campeonato-brasileiro-serie-a/transfers/wettbewerb/BRA1/saison_id/2022,Série A,2000000.0,2022
111819,/neto/profil/spieler/111819,Neto,Goalkeeper,33,3000000.0,Brazil,/fc-barcelona/startseite/verein/131/saison_id/2022,Barcelona,/laliga/transfers/wettbewerb/ES1/saison_id/2022,LaLiga,/afc-bournemouth/startseite/verein/989/saison_id/2022,Bournemouth,/premier-league/transfers/wettbewerb/GB1/saison_id/2022,Premier League,0.0,2022
227671,/tiago-volpi/profil/spieler/227671,Tiago Volpi,Goalkeeper,31,2500000.0,Brazil,/fc-sao-paulo/startseite/verein/585/saison_id/2022,São Paulo,/campeonato-brasileiro-serie-a/transfers/wettbewerb/BRA1/saison_id/2022,Série A,/deportivo-toluca/startseite/verein/1804/saison_id/2022,Toluca,/liga-mx-apertura/transfers/wettbewerb/MEXA/saison_id/2022,Liga MX Apertura,2500000.0,2022
515496,/mailson/profil/spieler/515496,Mailson,Goalkeeper,25,2000000.0,Brazil,/sport-club-do-recife/startseite/verein/8718/saison_id/2022,Sport Recife,/campeonato-brasileiro-serie-b/transfers/wettbewerb/BRA2/saison_id/2022,Série B,/al-taawoun-fc/startseite/verein/28844/saison_id/2022,Al-Taawoun,/saudi-professional-league/transfers/wettbewerb/SA1/saison_id/2022,Saudi Pro League,500000.0,2022
175383,/helton-leite/profil/spieler/175383,Helton Leite,Goalkeeper,32,2000000.0,Brazil,/benfica-lissabon/startseite/verein/294/saison_id/2022,Benfica,/liga-nos/transfers/wettbewerb/PO1/saison_id/2022,Liga Portugal,/antalyaspor/startseite/verein/589/saison_id/2022,Antalyaspor,/super-lig/transfers/wettbewerb/TR1/saison_id/2022,Süper Lig,0.0,2022
284701,/samuel-portugal/profil/spieler/284701,Samuel Portugal,Goalkeeper,28,1500000.0,Brazil,/portimonense-sc/startseite/verein/7378/saison_id/2022,Portimonense,/liga-nos/transfers/wettbewerb/PO1/saison_id/2022,Liga Portugal,/fc-porto/startseite/verein/720/saison_id/2022,FC Porto,/liga-nos/transfers/wettbewerb/PO1/saison_id/2022,Liga Portugal,4000000.0,2022
79242,/gabriel/profil/spieler/79242,Gabriel,Goalkeeper,29,1500000.0,Brazil,/us-lecce/startseite/verein/1005/saison_id/2022,Lecce,/serie-a/transfers/wettbewerb/IT1/saison_id/2022,Serie A,/coritiba-fc/startseite/verein/776/saison_id/2022,Coritiba FC,/campeonato-brasileiro-serie-a/transfers/wettbewerb/BRA1/saison_id/2022,Série A,0.0,2022
352041,/lucas-perri/profil/spieler/352041,Lucas Perri,Goalkeeper,24,1000000.0,Brazil,/fc-sao-paulo/startseite/verein/585/saison_id/2022,São Paulo,/campeonato-brasileiro-serie-a/transfers/wettbewerb/BRA1/saison_id/2022,Série A,/botafogo-rio-de-janeiro/startseite/verein/537/saison_id/2022,Botafogo,/campeonato-brasileiro-serie-a/transfers/wettbewerb/BRA1/saison_id/2022,Série A,350000.0,2022
68097,/rafael/profil/spieler/68097,Rafael,Goalkeeper,33,400000.0,Brazil,/clube-atletico-mineiro/startseite/verein/330/saison_id/2022,Atlético-MG,/campeonato-brasileiro-serie-a/transfers/wettbewerb/BRA1/saison_id/2022,Série A,/fc-sao-paulo/startseite/verein/585/saison_id/2022,São Paulo,/campeonato-brasileiro-serie-a/transfers/wettbewerb/BRA1/saison_id/2022,Série A,900000.0,2022
255928,/jordi/profil/spieler/255928,Jordi,Goalkeeper,29,800000.0,Brazil,/fc-pacos-de-ferreira/startseite/verein/2995/saison_id/2022,Paços Ferreira,/liga-nos/transfers/wettbewerb/PO1/saison_id/2022,Liga Portugal,/gremio-novorizontino-sp-/startseite/verein/37474/saison_id/2022,Novorizontino,/campeonato-brasileiro-serie-b/transfers/wettbewerb/BRA2/saison_id/2022,Série B,0.0,2022
438682,/daniel-fuzato/profil/spieler/438682,Daniel Fuzato,Goalkeeper,24,800000.0,Brazil,/as-rom/startseite/verein/12/saison_id/2022,AS Roma,/serie-a/transfers/wettbewerb/IT1/saison_id/2022,Serie A,/ud-ibiza/startseite/verein/13241/saison_id/2022,UD Ibiza,/laliga2/transfers/wettbewerb/ES2/saison_id/2022,2ª División,0.0,2022
608218,/phelipe-megiolaro/profil/spieler/608218,Phelipe Megiolaro,Goalkeeper,24,800000.0,Brazil,/gremio-porto-alegre/startseite/verein/210/saison_id/2022,Grêmio,/campeonato-brasileiro-serie-a/transfers/wettbewerb/BRA1/saison_id/2022,Série A,/vissel-kobe/startseite/verein/3958/saison_id/2022,Vissel Kobe,/j1-league/transfers/wettbewerb/JAP1/saison_id/2022,J1 League,0.0,2022
212216,/jhonatan/profil/spieler/212216,Jhonatan,Goalkeeper,31,400000.0,Brazil,/vitoria-guimaraes-sc/startseite/verein/2420/saison_id/2022,Vit. Guimarães,/liga-nos/transfers/wettbewerb/PO1/saison_id/2022,Liga Portugal,/rio-ave-fc/startseite/verein/2425/saison_id/2022,Rio Ave,/liga-nos/transfers/wettbewerb/PO1/saison_id/2022,Liga Portugal,600000.0,2022
374094,/douglas-friedrich/profil/spieler/374094,Douglas Friedrich,Goalkeeper,33,600000.0,Brazil,/avai-fc-sc-/startseite/verein/2035/saison_id/2022,Avaí FC,/campeonato-brasileiro-serie-a/transfers/wettbewerb/BRA1/saison_id/2022,Série A,/al-khaleej/startseite/verein/6070/saison_id/2022,Al-Khaleej,/saudi-professional-league/transfers/wettbewerb/SA1/saison_id/2022,Saudi Pro League,0.0,2022
573907,/luiz-felipe/profil/spieler/573907,Luiz Felipe,Goalkeeper,25,600000.0,Brazil,/belenenses-sad/startseite/verein/2457/saison_id/2022,B SAD,/liga-portugal-2/transfers/wettbewerb/PO2/saison_id/2022,Liga Portugal 2,/fc-vizela/startseite/verein/6912/saison_id/2022,Vizela,/liga-nos/transfers/wettbewerb/PO1/saison_id/2022,Liga Portugal,0.0,2022
412685,/cesar/profil/spieler/412685,César,Goalkeeper,27,550000.0,Brazil,/esporte-clube-juventude/startseite/verein/10492/saison_id/2022,Juventude,/campeonato-brasileiro-serie-b/transfers/wettbewerb/BRA2/saison_id/2022,Série B,/mirassol-futebol-clube-sp-/startseite/verein/3876/saison_id/2022,Mirassol-SP,/campeonato-brasileiro-serie-b/transfers/wettbewerb/BRA2/saison_id/2022,Série B,0.0,2022
95142,/renan-ribeiro/profil/spieler/95142,Renan Ribeiro,Goalkeeper,32,500000.0,Brazil,/sporting-lissabon/startseite/verein/336/saison_id/2022,Sporting CP,/liga-nos/transfers/wettbewerb/PO1/saison_id/2022,Liga Portugal,/al-ahli-dschidda/startseite/verein/18487/saison_id/2022,Al-Ahli,/yelo-league/transfers/wettbewerb/SA2L/saison_id/2022,Saudi First Division League,0.0,2022
273250,/luan-polli/profil/spieler/273250,Luan Polli,Goalkeeper,29,500000.0,Brazil,/atletico-clube-goianiense/startseite/verein/15172/saison_id/2022,Atlético-GO,/campeonato-brasileiro-serie-a/transfers/wettbewerb/BRA1/saison_id/2022,Série A,/fortaleza-esporte-clube/startseite/verein/10870/saison_id/2022,Fortaleza,/campeonato-brasileiro-serie-a/transfers/wettbewerb/BRA1/saison_id/2022,Série A,0.0,2022
401535,/gabriel-batista/profil/spieler/401535,Gabriel Batista,Goalkeeper,24,500000.0,Brazil,/flamengo-rio-de-janeiro/startseite/verein/614/saison_id/2022,Flamengo,/campeonato-brasileiro-serie-a/transfers/wettbewerb/BRA1/saison_id/2022,Série A,/cd-santa-clara/startseite/verein/2423/saison_id/2022,Santa Clara,/liga-nos/transfers/wettbewerb/PO1/saison_id/2022,Liga Portugal,0.0,2022
27349,/muriel/profil/spieler/27349,Muriel,Goalkeeper,35,400000.0,Brazil,/fluminense-rio-de-janeiro/startseite/verein/2462/saison_id/2022,Fluminense,/campeonato-brasileiro-serie-a/transfers/wettbewerb/BRA1/saison_id/2022,Série A,/ael-limassol/startseite/verein/786/saison_id/2022,AEL Limassol,/protathlima-cyta/transfers/wettbewerb/ZYP1/saison_id/2022,Protathlima Cyta,0.0,2022
181773,/charles/profil/spieler/181773,Charles,Goalkeeper,28,400000.0,Brazil,/fc-vizela/startseite/verein/6912/saison_id/2022,Vizela,/liga-nos/transfers/wettbewerb/PO1/saison_id/2022,Liga Portugal,/olympiakos-nikosia/startseite/verein/1402/saison_id/2022,Olympiakos N.,/protathlima-cyta/transfers/wettbewerb/ZYP1/saison_id/2022,Protathlima Cyta,0.0,2022
258369,/georgemy/profil/spieler/258369,Georgemy,Goalkeeper,27,400000.0,Brazil,/vila-nova-futebol-clube-go-/startseite/verein/5677/saison_id/2022,Vila Nova FC,/campeonato-brasileiro-serie-b/transfers/wettbewerb/BRA2/saison_id/2022,Série B,/gremio-novorizontino-sp-/startseite/verein/37474/saison_id/2022,Novorizontino,/campeonato-brasileiro-serie-b/transfers/wettbewerb/BRA2/saison_id/2022,Série B,0.0,2022
273250,/luan-polli/profil/spieler/273250,Luan Polli,Goalkeeper,29,400000.0,Brazil,/fortaleza-esporte-clube/startseite/verein/10870/saison_id/2022,Fortaleza,/campeonato-brasileiro-serie-a/transfers/wettbewerb/BRA1/saison_id/2022,Série A,/coritiba-fc/startseite/verein/776/saison_id/2022,Coritiba FC,/campeonato-brasileiro-serie-a/transfers/wettbewerb/BRA1/saison_id/2022,Série A,0.0,2022
380478,/victor-braga/profil/spieler/380478,Victor Braga,Goalkeeper,30,400000.0,Brazil,/fc-arouca/startseite/verein/8024/saison_id/2022,Arouca,/liga-nos/transfers/wettbewerb/PO1/saison_id/2022,Liga Portugal,/al-taee/startseite/verein/40079/saison_id/2022,Al-Tai,/saudi-professional-league/transfers/wettbewerb/SA1/saison_id/2022,Saudi Pro League,0.0,2022
177776,/cesar/profil/spieler/177776,César,Goalkeeper,30,350000.0,Brazil,/esporte-clube-bahia/startseite/verein/10010/saison_id/2022,EC Bahia,/campeonato-brasileiro-serie-b/transfers/wettbewerb/BRA2/saison_id/2022,Série B,/boavista-porto-fc/startseite/verein/2503/saison_id/2022,Boavista,/liga-nos/transfers/wettbewerb/PO1/saison_id/2022,Liga Portugal,0.0,2022
270420,/joao-ricardo/profil/spieler/270420,João Ricardo,Goalkeeper,34,350000.0,Brazil,/ceara-sporting-club/startseite/verein/2029/saison_id/2022,Ceará SC,/campeonato-brasileiro-serie-b/transfers/wettbewerb/BRA2/saison_id/2022,Série B,/fortaleza-esporte-clube/startseite/verein/10870/saison_id/2022,Fortaleza,/campeonato-brasileiro-serie-a/transfers/wettbewerb/BRA1/saison_id/2022,Série A,0.0,2022
438431,/mauricio-kozlinski/profil/spieler/438431,Mauricio Kozlinski,Goalkeeper,31,350000.0,Brazil,/guarani-fc-sp-/startseite/verein/1755/saison_id/2022,Guarani,/campeonato-brasileiro-serie-b/transfers/wettbewerb/BRA2/saison_id/2022,Série B,/fortaleza-esporte-clube/startseite/verein/10870/saison_id/2022,Fortaleza,/campeonato-brasileiro-serie-a/transfers/wettbewerb/BRA1/saison_id/2022,Série A,0.0,2022
555201,/ygor-vinhas/profil/spieler/555201,Ygor Vinhas,Goalkeeper,27,350000.0,Brazil,/aa-ponte-preta/startseite/verein/1134/saison_id/2022,Ponte Preta,/campeonato-brasileiro-serie-b/transfers/wettbewerb/BRA2/saison_id/2022,Série B,/esporte-clube-agua-santa-sp-/startseite/verein/45176/saison_id/2022,Água Santa-SP,/campeonato-paulista-serie-a1-grunddurchgang/transfers/wettbewerb/BCP1/saison_id/2022,Paulistão A1 - Primeira Fase,0.0,2022
42373,/diego-alves/profil/spieler/42373,Diego Alves,Goalkeeper,37,300000.0,Brazil,/vereinslos/startseite/verein/515/saison_id/2022,Without Club,,,/celta-vigo/startseite/verein/940/saison_id/2022,Celta de Vigo,/laliga/transfers/wettbewerb/ES1/saison_id/2022,LaLiga,0.0,2022
67886,/paulo-victor/profil/spieler/67886,Paulo Victor,Goalkeeper,35,300000.0,Brazil,/cs-maritimo/startseite/verein/1301/saison_id/2022,Marítimo,/liga-nos/transfers/wettbewerb/PO1/saison_id/2022,Liga Portugal,/al-ettifaq/startseite/verein/7732/saison_id/2022,Al-Ettifaq,/saudi-professional-league/transfers/wettbewerb/SA1/saison_id/2022,Saudi Pro League,0.0,2022
68102,/renan/profil/spieler/68102,Renan,Goalkeeper,33,300000.0,Brazil,/atletico-clube-goianiense/startseite/verein/15172/saison_id/2022,Atlético-GO,/campeonato-brasileiro-serie-b/transfers/wettbewerb/BRA2/saison_id/2022,Série B,/sport-club-do-recife/startseite/verein/8718/saison_id/2022,Sport Recife,/campeonato-brasileiro-serie-b/transfers/wettbewerb/BRA2/saison_id/2022,Série B,0.0,2022
76139,/thiago-rodrigues/profil/spieler/76139,Thiago Rodrigues,Goalkeeper,34,300000.0,Brazil,/vasco-da-gama-rio-de-janeiro/startseite/verein/978/saison_id/2022,Vasco da Gama,/campeonato-brasileiro-serie-a/transfers/wettbewerb/BRA1/saison_id/2022,Série A,/esporte-clube-vitoria/startseite/verein/2125/saison_id/2022,EC Vitória,/campeonato-brasileiro-serie-b/transfers/wettbewerb/BRA2/saison_id/2022,Série B,0.0,2022
102227,/rodolfo/profil/spieler/102227,Rodolfo,Goalkeeper,32,300000.0,Brazil,/oeste-fc-sp-/startseite/verein/21829/saison_id/2022,Oeste,,Brazil,/associacao-atletica-maguary/startseite/verein/103697/saison_id/2022,Maguary,,Brazil,0.0,2022
349418,/mateus-pasinato/profil/spieler/349418,Mateus Pasinato,Goalkeeper,30,300000.0,Brazil,/moreirense-fc/startseite/verein/979/saison_id/2022,Moreirense,/liga-portugal-2/transfers/wettbewerb/PO2/saison_id/2022,Liga Portugal 2,/america-futebol-clube-mg-/startseite/verein/2863/saison_id/2022,América-MG,/campeonato-brasileiro-serie-a/transfers/wettbewerb/BRA1/saison_id/2022,Série A,0.0,2022
579207,/michael/profil/spieler/579207,Michael,Goalkeeper,27,300000.0,Brazil,/fc-alverca/startseite/verein/2521/saison_id/2022,Alverca,/liga-3-serie-a/transfers/wettbewerb/PT3A/saison_id/2022,Liga 3,/santa-cruz-futebol-clube-pe-/startseite/verein/1785/saison_id/2022,Santa Cruz-PE,/copa-do-nordeste-fase-de-grupos/transfers/wettbewerb/BRNE/saison_id/2022,Copa do Nordeste - Fase de Grupos,0.0,2022
543103,/rodrigo-moura/profil/spieler/543103,Rodrigo Moura,Goalkeeper,26,275000.0,Brazil,/cd-trofense/startseite/verein/3348/saison_id/2022,Trofense,/liga-portugal-2/transfers/wettbewerb/PO2/saison_id/2022,Liga Portugal 2,/gd-chaves/startseite/verein/3325/saison_id/2022,Chaves,/liga-nos/transfers/wettbewerb/PO1/saison_id/2022,Liga Portugal,0.0,2022
592336,/max-walef/profil/spieler/592336,Max Walef,Goalkeeper,28,100000.0,Brazil,/fortaleza-esporte-clube/startseite/verein/10870/saison_id/2022,Fortaleza,/campeonato-brasileiro-serie-a/transfers/wettbewerb/BRA1/saison_id/2022,Série A,/sk-dnipro-1/startseite/verein/60551/saison_id/2022,SC Dnipro-1,/premier-liga/transfers/wettbewerb/UKR1/saison_id/2022,Premier Liga,100000.0,2022
214701,/bruno/profil/spieler/214701,Bruno,Goalkeeper,29,100000.0,Brazil,/ser-caxias-do-sul-rs-/startseite/verein/9141/saison_id/2022,Caxias-RS,/campeonato-gaucho/transfers/wettbewerb/BRRS/saison_id/2022,Campeonato Gaúcho,/ceara-sporting-club/startseite/verein/2029/saison_id/2022,Ceará SC,/campeonato-brasileiro-serie-b/transfers/wettbewerb/BRA2/saison_id/2022,Série B,45000.0,2022
352041,/lucas-perri/profil/spieler/352041,Lucas Perri,Goalkeeper,26,8000000.0,Brazil,/botafogo-rio-de-janeiro/startseite/verein/537/saison_id/2023,Botafogo,/campeonato-brasileiro-serie-a/transfers/wettbewerb/BRA1/saison_id/2023,Série A,/olympique-lyon/startseite/verein/1041/saison_id/2023,Olympique Lyon,/ligue-1/transfers/wettbewerb/FR1/saison_id/2023,Ligue 1,3250000.0,2023
364257,/ivan/profil/spieler/364257,Ivan,Goalkeeper,26,1800000.0,Brazil,/corinthians-sao-paulo/startseite/verein/199/saison_id/2023,Corinthians,/campeonato-brasileiro-serie-a/transfers/wettbewerb/BRA1/saison_id/2023,Série A,/sc-internacional-porto-alegre/startseite/verein/6600/saison_id/2023,Internacional,/campeonato-brasileiro-serie-a/transfers/wettbewerb/BRA1/saison_id/2023,Série A,280000.0,2023
140811,/santos/profil/spieler/140811,Santos,Goalkeeper,33,1700000.0,Brazil,/flamengo-rio-de-janeiro/startseite/verein/614/saison_id/2023,Flamengo,/campeonato-brasileiro-serie-a/transfers/wettbewerb/BRA1/saison_id/2023,Série A,/fortaleza-esporte-clube/startseite/verein/10870/saison_id/2023,Fortaleza,/campeonato-brasileiro-serie-a/transfers/wettbewerb/BRA1/saison_id/2023,Série A,900000.0,2023
997861,/kaua-santos/profil/spieler/997861,Kauã Santos,Goalkeeper,20,400000.0,Brazil,/flamengo-rio-de-janeiro-u20/startseite/verein/15002/saison_id/2023,Flamengo U20,/cbf-brasileiro-u20/transfers/wettbewerb/CB20/saison_id/2023,CBF Brasileiro U20,/eintracht-frankfurt/startseite/verein/24/saison_id/2023,E. Frankfurt,/bundesliga/transfers/wettbewerb/L1/saison_id/2023,Bundesliga,1600000.0,2023
286772,/vinicius/profil/spieler/286772,Vinícius,Goalkeeper,29,400000.0,Brazil,/se-palmeiras-sao-paulo/startseite/verein/1023/saison_id/2023,Palmeiras,/campeonato-brasileiro-serie-a/transfers/wettbewerb/BRA1/saison_id/2023,Série A,/portimonense-sc/startseite/verein/7378/saison_id/2023,Portimonense,/liga-nos/transfers/wettbewerb/PO1/saison_id/2023,Liga Portugal,1500000.0,2023
283166,/marcos-felipe/profil/spieler/283166,Marcos Felipe,Goalkeeper,27,1500000.0,Brazil,/fluminense-rio-de-janeiro/startseite/verein/2462/saison_id/2023,Fluminense,/campeonato-brasileiro-serie-a/transfers/wettbewerb/BRA1/saison_id/2023,Série A,/esporte-clube-bahia/startseite/verein/10010/saison_id/2023,EC Bahia,/campeonato-brasileiro-serie-a/transfers/wettbewerb/BRA1/saison_id/2023,Série A,400000.0,2023
432914,/john-victor/profil/spieler/432914,John Victor,Goalkeeper,27,800000.0,Brazil,/fc-santos/startseite/verein/221/saison_id/2023,Santos,/campeonato-brasileiro-serie-b/transfers/wettbewerb/BRA2/saison_id/2023,Série B,/botafogo-rio-de-janeiro/startseite/verein/537/saison_id/2023,Botafogo,/campeonato-brasileiro-serie-a/transfers/wettbewerb/BRA1/saison_id/2023,Série A,1350000.0,2023
372201,/ricardo-friedrich/profil/spieler/372201,Ricardo Friedrich,Goalkeeper,30,800000.0,Brazil,/kalmar-ff/startseite/verein/3654/saison_id/2023,Kalmar FF,/allsvenskan/transfers/wettbewerb/SE1/saison_id/2023,Allsvenskan,/malmo-ff/startseite/verein/496/saison_id/2023,Malmö FF,/allsvenskan/transfers/wettbewerb/SE1/saison_id/2023,Allsvenskan,0.0,2023
608218,/phelipe-megiolaro/profil/spieler/608218,Phelipe Megiolaro,Goalkeeper,24,500000.0,Brazil,/vissel-kobe/startseite/verein/3958/saison_id/2023,Vissel Kobe,/j1-league/transfers/wettbewerb/JAP1/saison_id/2023,J1 League,/yokohama-fc/startseite/verein/943/saison_id/2023,Yokohama FC,/j2-league/transfers/wettbewerb/JAP2/saison_id/2023,J2 League,0.0,2023
408850,/caique-franca/profil/spieler/408850,Caíque França,Goalkeeper,28,450000.0,Brazil,/aa-ponte-preta/startseite/verein/1134/saison_id/2023,Ponte Preta,/campeonato-brasileiro-serie-b/transfers/wettbewerb/BRA2/saison_id/2023,Série B,/sport-club-do-recife/startseite/verein/8718/saison_id/2023,Sport Recife,/campeonato-brasileiro-serie-b/transfers/wettbewerb/BRA2/saison_id/2023,Série B,0.0,2023
258369,/georgemy/profil/spieler/258369,Georgemy,Goalkeeper,28,400000.0,Brazil,/gremio-novorizontino-sp-/startseite/verein/37474/saison_id/2023,Novorizontino,/campeonato-brasileiro-serie-b/transfers/wettbewerb/BRA2/saison_id/2023,Série B,/brusque-futebol-clube-sc-/startseite/verein/14390/saison_id/2023,Brusque,/campeonato-brasileiro-serie-b/transfers/wettbewerb/BRA2/saison_id/2023,Série B,0.0,2023
432964,/tiepo/profil/spieler/432964,Tiepo,Goalkeeper,25,400000.0,Brazil,/chapecoense/startseite/verein/17776/saison_id/2023,Chapecoense,/campeonato-brasileiro-serie-b/transfers/wettbewerb/BRA2/saison_id/2023,Série B,/cianorte-futebol-clube-pr-/startseite/verein/16837/saison_id/2023,Cianorte,,Brazil,0.0,2023
645897,/gabriel-mesquita/profil/spieler/645897,Gabriel Mesquita,Goalkeeper,25,400000.0,Brazil,/ec-cruzeiro-belo-horizonte/startseite/verein/609/saison_id/2023,Cruzeiro,/campeonato-brasileiro-serie-a/transfers/wettbewerb/BRA1/saison_id/2023,Série A,/operario-ferroviario-ec-pr-/startseite/verein/27214/saison_id/2023,Operário-PR,/campeonato-brasileiro-serie-b/transfers/wettbewerb/BRA2/saison_id/2023,Série B,0.0,2023
412685,/cesar/profil/spieler/412685,César,Goalkeeper,28,350000.0,Brazil,/mirassol-futebol-clube-sp-/startseite/verein/3876/saison_id/2023,Mirassol-SP,/campeonato-brasileiro-serie-b/transfers/wettbewerb/BRA2/saison_id/2023,Série B,/avai-fc-sc-/startseite/verein/2035/saison_id/2023,Avaí FC,/campeonato-brasileiro-serie-b/transfers/wettbewerb/BRA2/saison_id/2023,Série B,0.0,2023
14881,/marcelo-carne/profil/spieler/14881,Marcelo Carné,Goalkeeper,33,300000.0,Brazil,/cs-maritimo/startseite/verein/1301/saison_id/2023,Marítimo,/liga-portugal-2/transfers/wettbewerb/PO2/saison_id/2023,Liga Portugal 2,/gd-estoril-praia/startseite/verein/1465/saison_id/2023,Estoril Praia,/liga-nos/transfers/wettbewerb/PO1/saison_id/2023,Liga Portugal,0.0,2023
273250,/luan-polli/profil/spieler/273250,Luan Polli,Goalkeeper,30,300000.0,Brazil,/coritiba-fc/startseite/verein/776/saison_id/2023,Coritiba FC,/campeonato-brasileiro-serie-b/transfers/wettbewerb/BRA2/saison_id/2023,Série B,/fc-nassaji-mazandaran/startseite/verein/26013/saison_id/2023,FC Nassaji M.,/persian-gulf-pro-league/transfers/wettbewerb/IRN1/saison_id/2023,Persian Gulf Pro League,0.0,2023
349418,/mateus-pasinato/profil/spieler/349418,Mateus Pasinato,Goalkeeper,31,300000.0,Brazil,/america-futebol-clube-mg-/startseite/verein/2863/saison_id/2023,América-MG,/campeonato-brasileiro-serie-b/transfers/wettbewerb/BRA2/saison_id/2023,Série B,/cuiaba-ec-mt-/startseite/verein/28022/saison_id/2023,Cuiabá-MT,/campeonato-brasileiro-serie-a/transfers/wettbewerb/BRA1/saison_id/2023,Série A,0.0,2023
371247,/gabriel-brazao/profil/spieler/371247,Gabriel Brazão,Goalkeeper,23,300000.0,Brazil,/inter-mailand/startseite/verein/46/saison_id/2023,Inter,/serie-a/transfers/wettbewerb/IT1/saison_id/2023,Serie A,/fc-santos/startseite/verein/221/saison_id/2023,Santos,/campeonato-brasileiro-serie-b/transfers/wettbewerb/BRA2/saison_id/2023,Série B,0.0,2023
573907,/luiz-felipe/profil/spieler/573907,Luiz Felipe,Goalkeeper,26,300000.0,Brazil,/fc-vizela/startseite/verein/6912/saison_id/2023,Vizela,/liga-nos/transfers/wettbewerb/PO1/saison_id/2023,Liga Portugal,/sc-farense/startseite/verein/4294/saison_id/2023,Farense,/liga-nos/transfers/wettbewerb/PO1/saison_id/2023,Liga Portugal,0.0,2023
579207,/michael/profil/spieler/579207,Michael,Goalkeeper,28,300000.0,Brazil,/santa-cruz-futebol-clube-pe-/startseite/verein/1785/saison_id/2023,Santa Cruz-PE,/copa-do-nordeste-fase-de-grupos/transfers/wettbewerb/BRNE/saison_id/2023,Copa do Nordeste - Fase de Grupos,/abc-futebol-clube-rn-/startseite/verein/7209/saison_id/2023,ABC FC,/campeonato-brasileiro-serie-b/transfers/wettbewerb/BRA2/saison_id/2023,Série B,0.0,2023
587179,/adilson-maringa/profil/spieler/587179,Adilson Maringá,Goalkeeper,32,300000.0,Brazil,/arema-fc/startseite/verein/12971/saison_id/2023,Arema FC,/liga-1-indonesia/transfers/wettbewerb/IN1L/saison_id/2023,Liga 1,/bali-united-fc/startseite/verein/49425/saison_id/2023,Bali United,/liga-1-indonesia/transfers/wettbewerb/IN1L/saison_id/2023,Liga 1,0.0,2023
374094,/douglas-friedrich/profil/spieler/374094,Douglas Friedrich,Goalkeeper,34,275000.0,Brazil,/al-khaleej/startseite/verein/6070/saison_id/2023,Al-Khaleej,/saudi-professional-league/transfers/wettbewerb/SA1/saison_id/2023,Saudi Pro League,/avai-fc-sc-/startseite/verein/2035/saison_id/2023,Avaí FC,/campeonato-brasileiro-serie-b/transfers/wettbewerb/BRA2/saison_id/2023,Série B,0.0,2023
476365,/renan-braganca/profil/spieler/476365,Renan Bragança,Goalkeeper,25,275000.0,Brazil,/cd-mafra/startseite/verein/7056/saison_id/2023,Mafra,/liga-portugal-2/transfers/wettbewerb/PO2/saison_id/2023,Liga Portugal 2,/america-futebol-clube-rn-/startseite/verein/1751/saison_id/2023,América-RN,/campeonato-brasileiro-serie-c/transfers/pokalwettbewerb/BRA3/saison_id/2023,Série C,0.0,2023
829850,/arthur-augusto/profil/spieler/829850,Arthur Augusto,Goalkeeper,23,275000.0,Brazil,/cd-feirense/startseite/verein/3349/saison_id/2023,Feirense,/liga-portugal-2/transfers/wettbewerb/PO2/saison_id/2023,Liga Portugal 2,/ud-oliveirense/startseite/verein/8827/saison_id/2023,Oliveirense,/liga-portugal-2/transfers/wettbewerb/PO2/saison_id/2023,Liga Portugal 2,0.0,2023
546217,/thiago-couto/profil/spieler/546217,Thiago Couto,Goalkeeper,24,200000.0,Brazil,/fc-sao-paulo/startseite/verein/585/saison_id/2023,São Paulo,/campeonato-brasileiro-serie-a/transfers/wettbewerb/BRA1/saison_id/2023,Série A,/sport-club-do-recife/startseite/verein/8718/saison_id/2023,Sport Recife,/campeonato-brasileiro-serie-b/transfers/wettbewerb/BRA2/saison_id/2023,Série B,355000.0,2023
384159,/caique/profil/spieler/384159,Caíque,Goalkeeper,26,0.0,Brazil,/ypiranga-futebol-clube-rs-/startseite/verein/16869/saison_id/2023,Ypiranga-RS,/campeonato-brasileiro-serie-c/transfers/pokalwettbewerb/BRA3/saison_id/2023,Série C,/gremio-porto-alegre/startseite/verein/210/saison_id/2023,Grêmio,/campeonato-brasileiro-serie-a/transfers/wettbewerb/BRA1/saison_id/2023,Série A,100000.0,2023
520093,/raul/profil/spieler/520093,Raul,Goalkeeper,26,0.0,Brazil,/esporte-clube-sao-luiz-rs-/startseite/verein/27355/saison_id/2023,São Luiz,,Brazil,/botafogo-rio-de-janeiro/startseite/verein/537/saison_id/2023,Botafogo,/campeonato-brasileiro-serie-a/transfers/wettbewerb/BRA1/saison_id/2023,Série A,7000.0,2023
691906,/bento/profil/spieler/691906,Bento,Goalkeeper,25,15000000.0,Brazil,/club-athletico-paranaense/startseite/verein/679/saison_id/2024,Athletico-PR,/campeonato-brasileiro-serie-a/transfers/wettbewerb/BRA1/saison_id/2024,Série A,/al-nasr-riad/startseite/verein/18544/saison_id/2024,Al-Nassr,/saudi-professional-league/transfers/wettbewerb/SA1/saison_id/2024,Saudi Pro League,18000000.0,2024
712107,/luiz-junior/profil/spieler/712107,Luiz Júnior,Goalkeeper,23,6000000.0,Brazil,/fc-famalicao/startseite/verein/3329/saison_id/2024,Famalicão,/liga-nos/transfers/wettbewerb/PO1/saison_id/2024,Liga Portugal,/fc-villarreal/startseite/verein/1050/saison_id/2024,Villarreal,/laliga/transfers/wettbewerb/ES1/saison_id/2024,LaLiga,12000000.0,2024
574901,/hugo-souza/profil/spieler/574901,Hugo Souza,Goalkeeper,25,8000000.0,Brazil,/flamengo-rio-de-janeiro/startseite/verein/614/saison_id/2024,Flamengo,/campeonato-brasileiro-serie-a/transfers/wettbewerb/BRA1/saison_id/2024,Série A,/corinthians-sao-paulo/startseite/verein/199/saison_id/2024,Corinthians,/campeonato-brasileiro-serie-a/transfers/wettbewerb/BRA1/saison_id/2024,Série A,800000.0,2024
641458,/carlos-miguel/profil/spieler/641458,Carlos Miguel,Goalkeeper,25,4000000.0,Brazil,/corinthians-sao-paulo/startseite/verein/199/saison_id/2024,Corinthians,/campeonato-brasileiro-serie-a/transfers/wettbewerb/BRA1/saison_id/2024,Série A,/nottingham-forest/startseite/verein/703/saison_id/2024,Nottm Forest,/premier-league/transfers/wettbewerb/GB1/saison_id/2024,Premier League,4000000.0,2024
79242,/gabriel/profil/spieler/79242,Gabriel,Goalkeeper,32,1000000.0,Brazil,/coritiba-fc/startseite/verein/776/saison_id/2024,Coritiba FC,/campeonato-brasileiro-serie-b/transfers/wettbewerb/BRA2/saison_id/2024,Série B,/esporte-clube-vitoria/startseite/verein/2125/saison_id/2024,EC Vitória,/campeonato-brasileiro-serie-a/transfers/wettbewerb/BRA1/saison_id/2024,Série A,160000.0,2024
175383,/helton-leite/profil/spieler/175383,Helton Leite,Goalkeeper,33,1000000.0,Brazil,/antalyaspor/startseite/verein/589/saison_id/2024,Antalyaspor,/super-lig/transfers/wettbewerb/TR1/saison_id/2024,Süper Lig,/deportivo-la-coruna/startseite/verein/897/saison_id/2024,Dep. La Coruña,/laliga2/transfers/wettbewerb/ES2/saison_id/2024,LaLiga2,0.0,2024
555016,/brenno/profil/spieler/555016,Brenno,Goalkeeper,25,1000000.0,Brazil,/gremio-porto-alegre/startseite/verein/210/saison_id/2024,Grêmio,/campeonato-brasileiro-serie-a/transfers/wettbewerb/BRA1/saison_id/2024,Série A,/fortaleza-esporte-clube/startseite/verein/10870/saison_id/2024,Fortaleza,/campeonato-brasileiro-serie-a/transfers/wettbewerb/BRA1/saison_id/2024,Série A,0.0,2024
438682,/daniel-fuzato/profil/spieler/438682,Daniel Fuzato,Goalkeeper,27,900000.0,Brazil,/sd-eibar/startseite/verein/1533/saison_id/2024,SD Eibar,/laliga2/transfers/wettbewerb/ES2/saison_id/2024,LaLiga2,/vasco-da-gama-rio-de-janeiro/startseite/verein/978/saison_id/2024,Vasco da Gama,/campeonato-brasileiro-serie-a/transfers/wettbewerb/BRA1/saison_id/2024,Série A,0.0,2024
598974,/anderson/profil/spieler/598974,Anderson,Goalkeeper,26,700000.0,Brazil,/ec-cruzeiro-belo-horizonte/startseite/verein/609/saison_id/2024,Cruzeiro,/campeonato-brasileiro-serie-a/transfers/wettbewerb/BRA1/saison_id/2024,Série A,/atletico-clube-goianiense/startseite/verein/15172/saison_id/2024,Atlético-GO,/campeonato-brasileiro-serie-b/transfers/wettbewerb/BRA2/saison_id/2024,Série B,0.0,2024
380478,/victor-braga/profil/spieler/380478,Victor Braga,Goalkeeper,32,500000.0,Brazil,/al-taee/startseite/verein/40079/saison_id/2024,Al-Tai,/yelo-league/transfers/wettbewerb/SA2L/saison_id/2024,Saudi First Division League,/ael-limassol/startseite/verein/786/saison_id/2024,AEL Limassol,/protathlima-cyta/transfers/wettbewerb/ZYP1/saison_id/2024,Cyprus League,0.0,2024
52313,/marcelo-grohe/profil/spieler/52313,Marcelo Grohe,Goalkeeper,37,400000.0,Brazil,/al-ittihad-dschidda/startseite/verein/8023/saison_id/2024,Al-Ittihad,/saudi-professional-league/transfers/wettbewerb/SA1/saison_id/2024,Saudi Pro League,/al-kholood/startseite/verein/91427/saison_id/2024,Al-Kholood,/saudi-professional-league/transfers/wettbewerb/SA1/saison_id/2024,Saudi Pro League,0.0,2024
50144,/cassio/profil/spieler/50144,Cássio,Goalkeeper,37,400000.0,Brazil,/corinthians-sao-paulo/startseite/verein/199/saison_id/2024,Corinthians,/campeonato-brasileiro-serie-a/transfers/wettbewerb/BRA1/saison_id/2024,Série A,/ec-cruzeiro-belo-horizonte/startseite/verein/609/saison_id/2024,Cruzeiro,/campeonato-brasileiro-serie-a/transfers/wettbewerb/BRA1/saison_id/2024,Série A,0.0,2024
14881,/marcelo-carne/profil/spieler/14881,Marcelo Carné,Goalkeeper,34,350000.0,Brazil,/gd-estoril-praia/startseite/verein/1465/saison_id/2024,Estoril Praia,/liga-nos/transfers/wettbewerb/PO1/saison_id/2024,Liga Portugal,/al-jabalain-fc/startseite/verein/68028/saison_id/2024,Al-Jabalain,/yelo-league/transfers/wettbewerb/SA2L/saison_id/2024,Saudi First Division League,0.0,2024
323929,/bruno-bertinato/profil/spieler/323929,Bruno Bertinato,Goalkeeper,26,300000.0,Brazil,/venezia-fc/startseite/verein/607/saison_id/2024,Venezia,/serie-a/transfers/wettbewerb/IT1/saison_id/2024,Serie A,/portuguesa-sao-paulo/startseite/verein/10247/saison_id/2024,Portuguesa,/campeonato-paulista-serie-a1-grunddurchgang/transfers/wettbewerb/BCP1/saison_id/2024,Paulistão A1 - Primeira Fase,0.0,2024
258369,/georgemy/profil/spieler/258369,Georgemy,Goalkeeper,29,300000.0,Brazil,/brusque-futebol-clube-sc-/startseite/verein/14390/saison_id/2024,Brusque,,Brazil,/centro-sportivo-alagoano-al-/startseite/verein/18545/saison_id/2024,CSA,,Brazil,0.0,2024
645897,/gabriel-mesquita/profil/spieler/645897,Gabriel Mesquita,Goalkeeper,26,300000.0,Brazil,/operario-ferroviario-ec-pr-/startseite/verein/27214/saison_id/2024,Operário-PR,/campeonato-brasileiro-serie-b/transfers/wettbewerb/BRA2/saison_id/2024,Série B,/guarani-fc-sp-/startseite/verein/1755/saison_id/2024,Guarani,/campeonato-paulista-serie-a1-grunddurchgang/transfers/wettbewerb/BCP1/saison_id/2024,Paulistão A1 - Primeira Fase,0.0,2024
68102,/renan/profil/spieler/68102,Renan,Goalkeeper,35,300000.0,Brazil,/sport-club-do-recife/startseite/verein/8718/saison_id/2024,Sport Recife,/campeonato-brasileiro-serie-b/transfers/wettbewerb/BRA2/saison_id/2024,Série B,/fc-santos/startseite/verein/221/saison_id/2024,Santos,/campeonato-brasileiro-serie-b/transfers/wettbewerb/BRA2/saison_id/2024,Série B,0.0,2024
175172,/rafael-martins/profil/spieler/175172,Rafael Martins,Goalkeeper,32,275000.0,Brazil,/al-kholood/startseite/verein/91427/saison_id/2024,Al-Kholood,/saudi-professional-league/transfers/wettbewerb/SA1/saison_id/2024,Saudi Pro League,/al-jubail-club/startseite/verein/91559/saison_id/2024,Al-Jubail,/yelo-league/transfers/wettbewerb/SA2L/saison_id/2024,Saudi First Division League,0.0,2024
870390,/cesar-augusto/profil/spieler/870390,César Augusto,Goalkeeper,20,50000.0,Brazil,/ceara-sporting-club/startseite/verein/2029/saison_id/2024,Ceará SC,/campeonato-brasileiro-serie-b/transfers/wettbewerb/BRA2/saison_id/2024,Série B,/cd-nacional/startseite/verein/982/saison_id/2024,Nacional,/liga-nos/transfers/wettbewerb/PO1/saison_id/2024,Liga Portugal,80000.0,2024
